forecast_model,forecast_checkpoint,city,year,month,pred_risk,p_low,p_mod,p_high,p_extreme,heat_stress_index_proj,temp_delta_c,urban_delta_pct,pop_delta_mult
GRU_Attn,gru_attn_best.pkl,Islamabad,2024,1,0,0.8321308493614197,0.031071091070771217,0.0549301952123642,0.08186785876750946,-1.0201853506492706,0.0,0.0,1.0
GRU_Attn,gru_attn_best.pkl,Islamabad,2024,2,0,0.8282034993171692,0.03400541841983795,0.05637117847800255,0.08141990005970001,-0.6944094722126534,0.0,0.0,1.0
GRU_Attn,gru_attn_best.pkl,Islamabad,2024,3,0,0.768566906452179,0.07381326705217361,0.06965591013431549,0.08796391636133194,-0.13124623431997795,0.0,0.0,1.0
GRU_Attn,gru_attn_best.pkl,Islamabad,2024,4,2,0.00979665294289589,0.2315758764743805,0.7080981135368347,0.05052939057350159,0.5017193239008856,0.0,0.0,1.0
GRU_Attn,gru_attn_best.pkl,Islamabad,2024,5,3,0.0020316708832979202,0.0028196813073009253,0.042579881846904755,0.952568769454956,1.0653312445894416,0.0,0.0,1.0
GRU_Attn,gru_attn_best.pkl,Islamabad,2024,6,3,0.0011900307144969702,0.0009301451500505209,0.005342662800103426,0.9925372004508972,1.296901252835908,0.0,0.0,1.0
GRU_Attn,gru_attn_best.pkl,Islamabad,2024,7,3,0.0012669956777244806,0.0009534885175526142,0.006592332385480404,0.9911871552467346,1.0551913827466082,0.0,0.0,1.0
GRU_Attn,gru_attn_best.pkl,Islamabad,2024,8,3,0.0015189883997663856,0.0011994886444881558,0.013105013407766819,0.984176516532898,0.9611599348666081,0.0,0.0,1.0
GRU_Attn,gru_attn_best.pkl,Islamabad,2024,9,3,0.0036213365383446217,0.003913599066436291,0.24129684269428253,0.7511681914329529,0.8602606199033813,0.0,0.0,1.0
GRU_Attn,gru_attn_best.pkl,Islamabad,2024,10,1,0.005907098762691021,0.8816543817520142,0.08142692595720291,0.031011657789349556,0.3866352493796259,0.0,0.0,1.0
GRU_Attn,gru_attn_best.pkl,Islamabad,2024,11,0,0.6154242753982544,0.20402322709560394,0.06405279040336609,0.11649975180625916,-0.22354428681355543,0.0,0.0,1.0
GRU_Attn,gru_attn_best.pkl,Islamabad,2024,12,0,0.8331084251403809,0.034793369472026825,0.05030418559908867,0.08179403096437454,-0.7469819024840426,0.0,0.0,1.0
GRU_Attn,gru_attn_best.pkl,Islamabad,2025,1,0,0.8434216976165771,0.02914307825267315,0.049149200320243835,0.0782860741019249,-1.0068332716341133,0.0,0.0,1.0
GRU_Attn,gru_attn_best.pkl,Islamabad,2025,2,0,0.838571310043335,0.03329511731863022,0.0502285435795784,0.07790499925613403,-0.6810573931974961,0.0,0.0,1.0
GRU_Attn,gru_attn_best.pkl,Islamabad,2025,3,0,0.7553116679191589,0.09766586869955063,0.06120681390166283,0.08581564575433731,-0.11789415530482061,0.0,0.0,1.0
GRU_Attn,gru_attn_best.pkl,Islamabad,2025,4,2,0.008710185997188091,0.31428995728492737,0.6294399499893188,0.04755985736846924,0.5150714029160428,0.0,0.0,1.0
GRU_Attn,gru_attn_best.pkl,Islamabad,2025,5,3,0.0019898987375199795,0.003048929153010249,0.03668294474482536,0.9582781791687012,1.078683323604599,0.0,0.0,1.0
GRU_Attn,gru_attn_best.pkl,Islamabad,2025,6,3,0.0010703916195780039,0.0008592950762249529,0.0044177016243338585,0.9936525821685791,1.3102533318510656,0.0,0.0,1.0
GRU_Attn,gru_attn_best.pkl,Islamabad,2025,7,3,0.0011568822665140033,0.0008877626969479024,0.005608856212347746,0.9923464059829712,1.0685434617617655,0.0,0.0,1.0
GRU_Attn,gru_attn_best.pkl,Islamabad,2025,8,3,0.0014050548197701573,0.0011120078852400184,0.010702843777835369,0.9867801070213318,0.9745120138817653,0.0,0.0,1.0
GRU_Attn,gru_attn_best.pkl,Islamabad,2025,9,3,0.00298119243234396,0.0030154422856867313,0.11584509164094925,0.8781582713127136,0.8736126989185385,0.0,0.0,1.0
GRU_Attn,gru_attn_best.pkl,Islamabad,2025,10,1,0.006551142781972885,0.8486326932907104,0.1117047518491745,0.03311135619878769,0.3999873283947832,0.0,0.0,1.0
GRU_Attn,gru_attn_best.pkl,Islamabad,2025,11,0,0.5553526282310486,0.2556699514389038,0.06793750077486038,0.12103987485170364,-0.2101922077983982,0.0,0.0,1.0
GRU_Attn,gru_attn_best.pkl,Islamabad,2025,12,0,0.8310986161231995,0.035719070583581924,0.05090292543172836,0.08227946609258652,-0.7336298234688854,0.0,0.0,1.0
GRU_Attn,gru_attn_best.pkl,Islamabad,2026,1,0,0.8414538502693176,0.02984403632581234,0.04988585412502289,0.07881630957126617,-0.9934811926189561,0.0,0.0,1.0
GRU_Attn,gru_attn_best.pkl,Islamabad,2026,2,0,0.8361308574676514,0.03425345942378044,0.05111413821578026,0.0785016342997551,-0.6677053141823387,0.0,0.0,1.0
GRU_Attn,gru_attn_best.pkl,Islamabad,2026,3,0,0.7345936298370361,0.11307259649038315,0.06454543024301529,0.08778843283653259,-0.1045420762896633,0.0,0.0,1.0
GRU_Attn,gru_attn_best.pkl,Islamabad,2026,4,2,0.008204669691622257,0.26018351316452026,0.683667778968811,0.04794403910636902,0.5284234819312003,0.0,0.0,1.0
GRU_Attn,gru_attn_best.pkl,Islamabad,2026,5,3,0.0019066428067162633,0.002856413833796978,0.03235261142253876,0.9628843665122986,1.0920354026197563,0.0,0.0,1.0
GRU_Attn,gru_attn_best.pkl,Islamabad,2026,6,3,0.00106262625195086,0.0008508646278642118,0.004316695500165224,0.9937698245048523,1.3236054108662227,0.0,0.0,1.0
GRU_Attn,gru_attn_best.pkl,Islamabad,2026,7,3,0.00114374456461519,0.0008736546151340008,0.005386854521930218,0.9925958514213562,1.0818955407769228,0.0,0.0,1.0
GRU_Attn,gru_attn_best.pkl,Islamabad,2026,8,3,0.0013707621255889535,0.0010752608068287373,0.00982749368995428,0.9877265095710754,0.9878640928969228,0.0,0.0,1.0
GRU_Attn,gru_attn_best.pkl,Islamabad,2026,9,3,0.002643229905515909,0.002563635352998972,0.07819578796625137,0.916597306728363,0.886964777933696,0.0,0.0,1.0
GRU_Attn,gru_attn_best.pkl,Islamabad,2026,10,1,0.00728356558829546,0.8026955127716064,0.15425746142864227,0.03576352074742317,0.4133394074099406,0.0,0.0,1.0
GRU_Attn,gru_attn_best.pkl,Islamabad,2026,11,0,0.4800814986228943,0.32524678111076355,0.07076328247785568,0.12390840798616409,-0.19684012878324075,0.0,0.0,1.0
GRU_Attn,gru_attn_best.pkl,Islamabad,2026,12,0,0.828071117401123,0.037245649844408035,0.05165821313858032,0.08302506059408188,-0.7202777444537279,0.0,0.0,1.0
GRU_Attn,gru_attn_best.pkl,Karachi,2024,1,0,0.8314126133918762,0.029080189764499664,0.05477703735232353,0.0847301110625267,-0.26007657908001397,0.0,0.0,1.0
GRU_Attn,gru_attn_best.pkl,Karachi,2024,2,0,0.794722855091095,0.05676848441362381,0.058109477162361145,0.09039916098117828,0.08520070053860107,0.0,0.0,1.0
GRU_Attn,gru_attn_best.pkl,Karachi,2024,3,1,0.012498868629336357,0.9020395874977112,0.05355238914489746,0.03190918639302254,0.531554276532868,0.0,0.0,1.0
GRU_Attn,gru_attn_best.pkl,Karachi,2024,4,2,0.0034766842145472765,0.018512343987822533,0.8841143846511841,0.09389664232730865,0.8820202850832287,0.0,0.0,1.0
GRU_Attn,gru_attn_best.pkl,Karachi,2024,5,3,0.0015162230702117085,0.0018276568735018373,0.027433644980192184,0.9692224860191345,1.0048266041130873,0.0,0.0,1.0
GRU_Attn,gru_attn_best.pkl,Karachi,2024,6,3,0.0010131238959729671,0.0008647079230286181,0.008726733736693859,0.9893954396247864,1.06481029054879,0.0,0.0,1.0
GRU_Attn,gru_attn_best.pkl,Karachi,2024,7,3,0.0013387877261266112,0.0011783113004639745,0.019337277859449387,0.9781455993652344,0.898883679294822,0.0,0.0,1.0
GRU_Attn,gru_attn_best.pkl,Karachi,2024,8,2,0.0010347588686272502,0.0017068288289010525,0.9568741917610168,0.04038428142666817,0.7990887288230575,0.0,0.0,1.0
GRU_Attn,gru_attn_best.pkl,Karachi,2024,9,2,0.0007478456245735288,0.0016696082893759012,0.9751579165458679,0.0224246084690094,0.866126758078031,0.0,0.0,1.0
GRU_Attn,gru_attn_best.pkl,Karachi,2024,10,2,0.0006532133556902409,0.001827441854402423,0.9799023866653442,0.017616942524909973,0.8601568059663566,0.0,0.0,1.0
GRU_Attn,gru_attn_best.pkl,Karachi,2024,11,1,0.0036217202432453632,0.8962365984916687,0.07117442786693573,0.02896718867123127,0.44286409012030475,0.0,0.0,1.0
GRU_Attn,gru_attn_best.pkl,Karachi,2024,12,1,0.14124515652656555,0.7358701229095459,0.04076036810874939,0.08212438970804214,-0.05877668605953929,0.0,0.0,1.0
GRU_Attn,gru_attn_best.pkl,Karachi,2025,1,0,0.8192057609558105,0.04749084264039993,0.050892122089862823,0.08241129666566849,-0.2467245000648567,0.0,0.0,1.0
GRU_Attn,gru_attn_best.pkl,Karachi,2025,2,1,0.2963995039463043,0.5498383641242981,0.053657159209251404,0.1001049354672432,0.09855277955375838,0.0,0.0,1.0
GRU_Attn,gru_attn_best.pkl,Karachi,2025,3,1,0.005910908337682486,0.8939005732536316,0.0742013156414032,0.02598719671368599,0.5449063555480254,0.0,0.0,1.0
GRU_Attn,gru_attn_best.pkl,Karachi,2025,4,2,0.0023493270855396986,0.012242604047060013,0.9149729013442993,0.07043519616127014,0.8953723640983859,0.0,0.0,1.0
GRU_Attn,gru_attn_best.pkl,Karachi,2025,5,3,0.0012880066642537713,0.001510347006842494,0.016968637704849243,0.9802330732345581,1.0181786831282447,0.0,0.0,1.0
GRU_Attn,gru_attn_best.pkl,Karachi,2025,6,3,0.0008835284970700741,0.0008010398014448583,0.006398312747478485,0.9919171929359436,1.0781623695639475,0.0,0.0,1.0
GRU_Attn,gru_attn_best.pkl,Karachi,2025,7,3,0.0011421123053878546,0.0010383364278823137,0.01319708302617073,0.9846225380897522,0.9122357583099794,0.0,0.0,1.0
GRU_Attn,gru_attn_best.pkl,Karachi,2025,8,2,0.0012339844834059477,0.0019132958259433508,0.9389727711677551,0.0578799694776535,0.8124408078382147,0.0,0.0,1.0
GRU_Attn,gru_attn_best.pkl,Karachi,2025,9,2,0.0008163783932104707,0.001633528503589332,0.9700546860694885,0.02749536745250225,0.8794788370931883,0.0,0.0,1.0
GRU_Attn,gru_attn_best.pkl,Karachi,2025,10,2,0.0006939828163012862,0.0017004212131723762,0.9773418307304382,0.02026374824345112,0.8735088849815138,0.0,0.0,1.0
GRU_Attn,gru_attn_best.pkl,Karachi,2025,11,1,0.003910441417247057,0.8590555787086487,0.10517027974128723,0.031863756477832794,0.4562161691354621,0.0,0.0,1.0
GRU_Attn,gru_attn_best.pkl,Karachi,2025,12,1,0.08816538751125336,0.8125118017196655,0.03322577476501465,0.06609703600406647,-0.04542460704438198,0.0,0.0,1.0
GRU_Attn,gru_attn_best.pkl,Karachi,2026,1,0,0.8147956728935242,0.05040641129016876,0.05157813802361488,0.08321978896856308,-0.23337242104969927,0.0,0.0,1.0
GRU_Attn,gru_attn_best.pkl,Karachi,2026,2,1,0.1777743548154831,0.6956644654273987,0.04420898109674454,0.08235222101211548,0.11190485856891574,0.0,0.0,1.0
GRU_Attn,gru_attn_best.pkl,Karachi,2026,3,1,0.005969974212348461,0.8824821710586548,0.08473382145166397,0.026814043521881104,0.5582584345631827,0.0,0.0,1.0
GRU_Attn,gru_attn_best.pkl,Karachi,2026,4,2,0.0024770540185272694,0.012020786292850971,0.9033505320549011,0.08215168118476868,0.9087244431135434,0.0,0.0,1.0
GRU_Attn,gru_attn_best.pkl,Karachi,2026,5,3,0.0012364145368337631,0.0014251730171963573,0.01510865893214941,0.9822297096252441,1.0315307621434022,0.0,0.0,1.0
GRU_Attn,gru_attn_best.pkl,Karachi,2026,6,3,0.0008691589464433491,0.0007839978206902742,0.006085692904889584,0.9922611117362976,1.0915144485791046,0.0,0.0,1.0
GRU_Attn,gru_attn_best.pkl,Karachi,2026,7,3,0.0010896946769207716,0.0009753466583788395,0.011497676372528076,0.9864373803138733,0.9255878373251367,0.0,0.0,1.0
GRU_Attn,gru_attn_best.pkl,Karachi,2026,8,2,0.0015584927750751376,0.0022292158100754023,0.9035861492156982,0.09262611716985703,0.8257928868533722,0.0,0.0,1.0
GRU_Attn,gru_attn_best.pkl,Karachi,2026,9,2,0.0008979990961961448,0.0016356563428416848,0.9647810459136963,0.03268533945083618,0.8928309161083456,0.0,0.0,1.0
GRU_Attn,gru_attn_best.pkl,Karachi,2026,10,2,0.0007475664606317878,0.0016906753880903125,0.9744175672531128,0.023144135251641273,0.8868609639966712,0.0,0.0,1.0
GRU_Attn,gru_attn_best.pkl,Karachi,2026,11,1,0.004346477799117565,0.8123683333396912,0.1474131941795349,0.03587200865149498,0.4695682481506194,0.0,0.0,1.0
GRU_Attn,gru_attn_best.pkl,Karachi,2026,12,1,0.06231750547885895,0.8527335524559021,0.02882465533912182,0.05612421780824661,-0.03207252802922462,0.0,0.0,1.0
GRU_Attn,gru_attn_best.pkl,Lahore,2024,1,0,0.821923017501831,0.03255629912018776,0.060858454555273056,0.08466221392154694,-0.8149219024361152,0.0,0.0,1.0
GRU_Attn,gru_attn_best.pkl,Lahore,2024,2,0,0.8125616908073425,0.03921779990196228,0.06258685886859894,0.08563371002674103,-0.4206677508601475,0.0,0.0,1.0
GRU_Attn,gru_attn_best.pkl,Lahore,2024,3,1,0.2320941537618637,0.6045253872871399,0.0718502402305603,0.09153024107217789,0.1042425041721681,0.0,0.0,1.0
GRU_Attn,gru_attn_best.pkl,Lahore,2024,4,2,0.002524731447920203,0.016360260546207428,0.9332479238510132,0.04786708578467369,0.7931580328267342,0.0,0.0,1.0
GRU_Attn,gru_attn_best.pkl,Lahore,2024,5,3,0.0007141781388781965,0.0005791227449662983,0.003644530661404133,0.9950621724128723,1.3646271873661944,0.0,0.0,1.0
GRU_Attn,gru_attn_best.pkl,Lahore,2024,6,3,0.0006489093648269773,0.00045650184620171785,0.0021103178150951862,0.9967842102050781,1.4506890561618129,0.0,0.0,1.0
GRU_Attn,gru_attn_best.pkl,Lahore,2024,7,3,0.0007168996962718666,0.00048617596621625125,0.0028064223006367683,0.9959904551506042,1.1435704026126006,0.0,0.0,1.0
GRU_Attn,gru_attn_best.pkl,Lahore,2024,8,3,0.0008042469853535295,0.0005414270563051105,0.004330536816269159,0.99432373046875,1.088138341751389,0.0,0.0,1.0
GRU_Attn,gru_attn_best.pkl,Lahore,2024,9,3,0.0011385459220036864,0.0007879909826442599,0.011044110171496868,0.9870294332504272,1.031657806593303,0.0,0.0,1.0
GRU_Attn,gru_attn_best.pkl,Lahore,2024,10,2,0.0008103962754830718,0.0034413032699376345,0.9819824695587158,0.01376577652990818,0.6705175647794199,0.0,0.0,1.0
GRU_Attn,gru_attn_best.pkl,Lahore,2024,11,1,0.03285069763660431,0.8894058465957642,0.02778928168118,0.04995416849851608,0.010263632239496376,0.0,0.0,1.0
GRU_Attn,gru_attn_best.pkl,Lahore,2024,12,0,0.8066060543060303,0.04673817753791809,0.05984238535165787,0.08681333065032959,-0.5648200946832677,0.0,0.0,1.0
GRU_Attn,gru_attn_best.pkl,Lahore,2025,1,0,0.8251935839653015,0.03504812344908714,0.057932931929826736,0.08182533830404282,-0.8015698234209578,0.0,0.0,1.0
GRU_Attn,gru_attn_best.pkl,Lahore,2025,2,0,0.8179567456245422,0.041574954986572266,0.058631062507629395,0.08183722198009491,-0.4073156718449903,0.0,0.0,1.0
GRU_Attn,gru_attn_best.pkl,Lahore,2025,3,1,0.04087658226490021,0.8853455185890198,0.032651275396347046,0.04112660139799118,0.11759458318732541,0.0,0.0,1.0
GRU_Attn,gru_attn_best.pkl,Lahore,2025,4,2,0.0022727209143340588,0.017691366374492645,0.9400109648704529,0.040024884045124054,0.8065101118418915,0.0,0.0,1.0
GRU_Attn,gru_attn_best.pkl,Lahore,2025,5,3,0.0006339362589642406,0.0005558357806876302,0.0030440855771303177,0.9957660436630249,1.377979266381352,0.0,0.0,1.0
GRU_Attn,gru_attn_best.pkl,Lahore,2025,6,3,0.0005823391838930547,0.0004348927177488804,0.0019146279664710164,0.9970681071281433,1.4640411351769704,0.0,0.0,1.0
GRU_Attn,gru_attn_best.pkl,Lahore,2025,7,3,0.0006422702572308481,0.0004571287427097559,0.0024832230992615223,0.9964174032211304,1.156922481627758,0.0,0.0,1.0
GRU_Attn,gru_attn_best.pkl,Lahore,2025,8,3,0.0007381600444205105,0.0005183485918678343,0.003836392192170024,0.9949070811271667,1.1014904207665464,0.0,0.0,1.0
GRU_Attn,gru_attn_best.pkl,Lahore,2025,9,3,0.0009945497149601579,0.0007003843202255666,0.008796315640211105,0.9895086288452148,1.0450098856084604,0.0,0.0,1.0
GRU_Attn,gru_attn_best.pkl,Lahore,2025,10,2,0.0007591993780806661,0.0028131718281656504,0.9821585416793823,0.014269138686358929,0.6838696437945772,0.0,0.0,1.0
GRU_Attn,gru_attn_best.pkl,Lahore,2025,11,1,0.023194726556539536,0.9078370928764343,0.02530338615179062,0.043664753437042236,0.023615711254653685,0.0,0.0,1.0
GRU_Attn,gru_attn_best.pkl,Lahore,2025,12,0,0.8018351793289185,0.04976176470518112,0.06055985763669014,0.08784317970275879,-0.5514680156681104,0.0,0.0,1.0
GRU_Attn,gru_attn_best.pkl,Lahore,2026,1,0,0.8228092193603516,0.03608676418662071,0.05872993543744087,0.08237407356500626,-0.7882177444058007,0.0,0.0,1.0
GRU_Attn,gru_attn_best.pkl,Lahore,2026,2,0,0.8151277303695679,0.042929742485284805,0.05955406278371811,0.0823884829878807,-0.39396359282983284,0.0,0.0,1.0
GRU_Attn,gru_attn_best.pkl,Lahore,2026,3,1,0.0335930697619915,0.8967807292938232,0.03157772123813629,0.03804856911301613,0.13094666220248277,0.0,0.0,1.0
GRU_Attn,gru_attn_best.pkl,Lahore,2026,4,2,0.002298103179782629,0.016545191407203674,0.937935471534729,0.043221116065979004,0.8198621908570489,0.0,0.0,1.0
GRU_Attn,gru_attn_best.pkl,Lahore,2026,5,3,0.000628771202173084,0.0005505691515281796,0.0029765134677290916,0.9958440661430359,1.391331345396509,0.0,0.0,1.0
GRU_Attn,gru_attn_best.pkl,Lahore,2026,6,3,0.0005783546366728842,0.0004321950254961848,0.001888277824036777,0.9971011281013489,1.4773932141921275,0.0,0.0,1.0
GRU_Attn,gru_attn_best.pkl,Lahore,2026,7,3,0.000634577707387507,0.00045193335972726345,0.0024112400133162737,0.9965022802352905,1.1702745606429152,0.0,0.0,1.0
GRU_Attn,gru_attn_best.pkl,Lahore,2026,8,3,0.0007245391025207937,0.0005085266311652958,0.003641177900135517,0.9951257109642029,1.114842499781704,0.0,0.0,1.0
GRU_Attn,gru_attn_best.pkl,Lahore,2026,9,3,0.0009590297704562545,0.0006716540083289146,0.007847187109291553,0.9905221462249756,1.058361964623618,0.0,0.0,1.0
GRU_Attn,gru_attn_best.pkl,Lahore,2026,10,2,0.0007642626878805459,0.002533996244892478,0.9815860390663147,0.015115686692297459,0.6972217228097346,0.0,0.0,1.0
GRU_Attn,gru_attn_best.pkl,Lahore,2026,11,1,0.02007787488400936,0.9133202433586121,0.025121958926320076,0.04147984832525253,0.03696779026981105,0.0,0.0,1.0
GRU_Attn,gru_attn_best.pkl,Lahore,2026,12,0,0.7963665723800659,0.05304262042045593,0.06147012114524841,0.08912065625190735,-0.538115936652953,0.0,0.0,1.0
GRU_Attn,gru_attn_best.pkl,Multan,2024,1,0,0.8338911533355713,0.027993977069854736,0.05634737387299538,0.0817675068974495,-0.7960021441989259,0.0,0.0,1.0
GRU_Attn,gru_attn_best.pkl,Multan,2024,2,0,0.8273974657058716,0.03278471529483795,0.05699749290943146,0.08282030373811722,-0.37511683542252644,0.0,0.0,1.0
GRU_Attn,gru_attn_best.pkl,Multan,2024,3,1,0.016303643584251404,0.928498387336731,0.02582493983209133,0.02937302365899086,0.22197689082502864,0.0,0.0,1.0
GRU_Attn,gru_attn_best.pkl,Multan,2024,4,2,0.0019763947930186987,0.014057117514312267,0.9423396587371826,0.04162679240107536,0.8830075873256292,0.0,0.0,1.0
GRU_Attn,gru_attn_best.pkl,Multan,2024,5,3,0.0006734929047524929,0.0004923269152641296,0.002820912515744567,0.9960132837295532,1.485923135425028,0.0,0.0,1.0
GRU_Attn,gru_attn_best.pkl,Multan,2024,6,3,0.0006355504738166928,0.00040910590905696154,0.0019087071996182203,0.9970466494560242,1.6377666874163266,0.0,0.0,1.0
GRU_Attn,gru_attn_best.pkl,Multan,2024,7,3,0.0006757639348506927,0.0004176941583864391,0.0020338159520179033,0.9968727231025696,1.4449727930534513,0.0,0.0,1.0
GRU_Attn,gru_attn_best.pkl,Multan,2024,8,3,0.0007320399745367467,0.0004400925536174327,0.0025490785483270884,0.996278703212738,1.3079394569381797,0.0,0.0,1.0
GRU_Attn,gru_attn_best.pkl,Multan,2024,9,3,0.0009094568085856736,0.0005284782964736223,0.003978425171226263,0.9945836663246155,1.1697252744688909,0.0,0.0,1.0
GRU_Attn,gru_attn_best.pkl,Multan,2024,10,2,0.001262343255802989,0.002366413129493594,0.9704407453536987,0.0259304940700531,0.7173602482662355,0.0,0.0,1.0
GRU_Attn,gru_attn_best.pkl,Multan,2024,11,1,0.02222183533012867,0.9109157919883728,0.025619909167289734,0.04124240204691887,0.024591347611189578,0.0,0.0,1.0
GRU_Attn,gru_attn_best.pkl,Multan,2024,12,0,0.8121022582054138,0.04092414677143097,0.059516891837120056,0.08745663613080978,-0.5755459326223796,0.0,0.0,1.0
GRU_Attn,gru_attn_best.pkl,Multan,2025,1,0,0.8309416174888611,0.029588503763079643,0.058266498148441315,0.08120337128639221,-0.7826500651837687,0.0,0.0,1.0
GRU_Attn,gru_attn_best.pkl,Multan,2025,2,0,0.8250458836555481,0.03465382009744644,0.058740098029375076,0.0815601572394371,-0.3617647564073692,0.0,0.0,1.0
GRU_Attn,gru_attn_best.pkl,Multan,2025,3,1,0.016122160479426384,0.9259201884269714,0.029705863445997238,0.028251763433218002,0.23532896984018595,0.0,0.0,1.0
GRU_Attn,gru_attn_best.pkl,Multan,2025,4,2,0.0022583017125725746,0.015182843431830406,0.9369511604309082,0.045607686042785645,0.8963596663407865,0.0,0.0,1.0
GRU_Attn,gru_attn_best.pkl,Multan,2025,5,3,0.0006275298655964434,0.0004686013562604785,0.0025678875390440226,0.9963359832763672,1.4992752144401855,0.0,0.0,1.0
GRU_Attn,gru_attn_best.pkl,Multan,2025,6,3,0.0005948219913989305,0.00038868951378390193,0.001780650345608592,0.9972358345985413,1.6511187664314841,0.0,0.0,1.0
GRU_Attn,gru_attn_best.pkl,Multan,2025,7,3,0.0006283360999077559,0.000390484492527321,0.001886746846139431,0.9970943927764893,1.4583248720686088,0.0,0.0,1.0
GRU_Attn,gru_attn_best.pkl,Multan,2025,8,3,0.0007007272215560079,0.0004233172512613237,0.0023976105730980635,0.996478259563446,1.3212915359533373,0.0,0.0,1.0
GRU_Attn,gru_attn_best.pkl,Multan,2025,9,3,0.0008798627532087266,0.0005148118361830711,0.00370199978351593,0.9949033260345459,1.1830773534840482,0.0,0.0,1.0
GRU_Attn,gru_attn_best.pkl,Multan,2025,10,2,0.0013762988382950425,0.0021717415656894445,0.9648922085762024,0.0315597727894783,0.7307123272813927,0.0,0.0,1.0
GRU_Attn,gru_attn_best.pkl,Multan,2025,11,1,0.019796647131443024,0.9149242043495178,0.02582101710140705,0.03945807367563248,0.037943426626346886,0.0,0.0,1.0
GRU_Attn,gru_attn_best.pkl,Multan,2025,12,0,0.8097860813140869,0.04224326089024544,0.060064319521188736,0.08790628612041473,-0.5621938536072224,0.0,0.0,1.0
GRU_Attn,gru_attn_best.pkl,Multan,2026,1,0,0.829404354095459,0.03015446849167347,0.05885313078761101,0.08158810436725616,-0.7692979861686112,0.0,0.0,1.0
GRU_Attn,gru_attn_best.pkl,Multan,2026,2,0,0.822888195514679,0.03563380986452103,0.05950973927974701,0.08196831494569778,-0.34841267739221177,0.0,0.0,1.0
GRU_Attn,gru_attn_best.pkl,Multan,2026,3,1,0.015318606980144978,0.9254475235939026,0.0312068909406662,0.028026951476931572,0.2486810488553433,0.0,0.0,1.0
GRU_Attn,gru_attn_best.pkl,Multan,2026,4,2,0.002287721261382103,0.014185452833771706,0.9347023963928223,0.048824504017829895,0.9097117453559439,0.0,0.0,1.0
GRU_Attn,gru_attn_best.pkl,Multan,2026,5,3,0.0006230727885849774,0.0004648397443816066,0.0025250252801924944,0.9963871240615845,1.5126272934553426,0.0,0.0,1.0
GRU_Attn,gru_attn_best.pkl,Multan,2026,6,3,0.0005918347160331905,0.0003869241336360574,0.0017643487080931664,0.9972569346427917,1.6644708454466413,0.0,0.0,1.0
GRU_Attn,gru_attn_best.pkl,Multan,2026,7,3,0.00062409951351583,0.00038820499321445823,0.001863939454779029,0.9971237778663635,1.471676951083766,0.0,0.0,1.0
GRU_Attn,gru_attn_best.pkl,Multan,2026,8,3,0.0006931923562660813,0.0004194102075416595,0.0023491692263633013,0.9965382814407349,1.3346436149684944,0.0,0.0,1.0
GRU_Attn,gru_attn_best.pkl,Multan,2026,9,3,0.0008635810809209943,0.0005061565898358822,0.003559049917384982,0.995071291923523,1.1964294324992055,0.0,0.0,1.0
GRU_Attn,gru_attn_best.pkl,Multan,2026,10,2,0.0015027796616777778,0.002071984577924013,0.9580298662185669,0.03839539736509323,0.7440644062965501,0.0,0.0,1.0
GRU_Attn,gru_attn_best.pkl,Multan,2026,11,1,0.017748866230249405,0.9183086156845093,0.026012079790234566,0.037930406630039215,0.05129550564150425,0.0,0.0,1.0
GRU_Attn,gru_attn_best.pkl,Multan,2026,12,0,0.8059634566307068,0.0445658303797245,0.06077863648533821,0.0886920690536499,-0.548841774592065,0.0,0.0,1.0
GRU_Attn,gru_attn_best.pkl,Peshawar,2024,1,0,0.8263133764266968,0.03090634196996689,0.05938657000660896,0.08339368551969528,-0.9814442021190107,0.0,0.0,1.0
GRU_Attn,gru_attn_best.pkl,Peshawar,2024,2,0,0.8229179978370667,0.03388183191418648,0.05948618799448013,0.08371405303478241,-0.6661603333504315,0.0,0.0,1.0
GRU_Attn,gru_attn_best.pkl,Peshawar,2024,3,0,0.7835370302200317,0.06297984719276428,0.06387868523597717,0.08960440009832382,-0.1425608746012047,0.0,0.0,1.0
GRU_Attn,gru_attn_best.pkl,Peshawar,2024,4,1,0.009132429026067257,0.4965696632862091,0.44103822112083435,0.05325967073440552,0.5367686612103841,0.0,0.0,1.0
GRU_Attn,gru_attn_best.pkl,Peshawar,2024,5,3,0.0012335064820945263,0.0018914793618023396,0.026722881942987442,0.9701521992683411,1.127858510215627,0.0,0.0,1.0
GRU_Attn,gru_attn_best.pkl,Peshawar,2024,6,3,0.0005803930689580739,0.00047622647252865136,0.0023567748721688986,0.9965865612030029,1.4725042043594516,0.0,0.0,1.0
GRU_Attn,gru_attn_best.pkl,Peshawar,2024,7,3,0.0006052959943190217,0.00045903140562586486,0.0024248419795185328,0.9965108036994934,1.2799827258325764,0.0,0.0,1.0
GRU_Attn,gru_attn_best.pkl,Peshawar,2024,8,3,0.0006767318118363619,0.0004930212162435055,0.0034596696496009827,0.9953705668449402,1.1331234803715542,0.0,0.0,1.0
GRU_Attn,gru_attn_best.pkl,Peshawar,2024,9,3,0.0009917209390550852,0.0007664705044589937,0.011371076107025146,0.9868707656860352,0.9731731134284992,0.0,0.0,1.0
GRU_Attn,gru_attn_best.pkl,Peshawar,2024,10,1,0.009603701531887054,0.6492518782615662,0.279902845621109,0.061241596937179565,0.4581524793765354,0.0,0.0,1.0
GRU_Attn,gru_attn_best.pkl,Peshawar,2024,11,0,0.5989283919334412,0.20057466626167297,0.07304999977350235,0.1274469494819641,-0.2298117630904301,0.0,0.0,1.0
GRU_Attn,gru_attn_best.pkl,Peshawar,2024,12,0,0.809456467628479,0.03675955906510353,0.06455522030591965,0.08922864496707916,-0.7617367414410557,0.0,0.0,1.0
GRU_Attn,gru_attn_best.pkl,Peshawar,2025,1,0,0.8200346827507019,0.031204739585518837,0.06319693475961685,0.08556362986564636,-0.9680921231038534,0.0,0.0,1.0
GRU_Attn,gru_attn_best.pkl,Peshawar,2025,2,0,0.8162975311279297,0.03465256467461586,0.06348548084497452,0.08556441962718964,-0.6528082543352742,0.0,0.0,1.0
GRU_Attn,gru_attn_best.pkl,Peshawar,2025,3,0,0.7653296589851379,0.07191535085439682,0.07003279030323029,0.09272211045026779,-0.12920879558604736,0.0,0.0,1.0
GRU_Attn,gru_attn_best.pkl,Peshawar,2025,4,2,0.009218151681125164,0.35204461216926575,0.5809797644615173,0.05775744095444679,0.5501207402255415,0.0,0.0,1.0
GRU_Attn,gru_attn_best.pkl,Peshawar,2025,5,3,0.000993279623799026,0.0014065623981878161,0.01596979983150959,0.9816303849220276,1.1412105892307844,0.0,0.0,1.0
GRU_Attn,gru_attn_best.pkl,Peshawar,2025,6,3,0.0005502195563167334,0.0004462466749828309,0.0021798734087496996,0.9968236684799194,1.4858562833746092,0.0,0.0,1.0
GRU_Attn,gru_attn_best.pkl,Peshawar,2025,7,3,0.0005750857526436448,0.0004304737376514822,0.002248781267553568,0.9967455863952637,1.2933348048477338,0.0,0.0,1.0
GRU_Attn,gru_attn_best.pkl,Peshawar,2025,8,3,0.0006633437005802989,0.0004810722602996975,0.003224834566935897,0.9956307411193848,1.1464755593867115,0.0,0.0,1.0
GRU_Attn,gru_attn_best.pkl,Peshawar,2025,9,3,0.0009565594373270869,0.000728213635738939,0.009587258100509644,0.9887280464172363,0.9865251924436564,0.0,0.0,1.0
GRU_Attn,gru_attn_best.pkl,Peshawar,2025,10,2,0.010337029583752155,0.41163724660873413,0.5110210180282593,0.0670047327876091,0.47150455839169275,0.0,0.0,1.0
GRU_Attn,gru_attn_best.pkl,Peshawar,2025,11,0,0.5749052166938782,0.22047998011112213,0.07575994729995728,0.12885479629039764,-0.21645968407527283,0.0,0.0,1.0
GRU_Attn,gru_attn_best.pkl,Peshawar,2025,12,0,0.807618260383606,0.03743499144911766,0.06530030071735382,0.08964653313159943,-0.7483846624258985,0.0,0.0,1.0
GRU_Attn,gru_attn_best.pkl,Peshawar,2026,1,0,0.8178913593292236,0.03187872841954231,0.06411893665790558,0.08611097931861877,-0.9547400440886962,0.0,0.0,1.0
GRU_Attn,gru_attn_best.pkl,Peshawar,2026,2,0,0.8137792944908142,0.03553055599331856,0.06452050805091858,0.08616966009140015,-0.6394561753201168,0.0,0.0,1.0
GRU_Attn,gru_attn_best.pkl,Peshawar,2026,3,0,0.756741464138031,0.07773279398679733,0.0717565193772316,0.09376917034387589,-0.11585671657089006,0.0,0.0,1.0
GRU_Attn,gru_attn_best.pkl,Peshawar,2026,4,2,0.008753512986004353,0.2952672243118286,0.6372754573822021,0.05870376527309418,0.5634728192406988,0.0,0.0,1.0
GRU_Attn,gru_attn_best.pkl,Peshawar,2026,5,3,0.0009515724959783256,0.001323104021139443,0.01414770819246769,0.9835776090621948,1.154562668245942,0.0,0.0,1.0
GRU_Attn,gru_attn_best.pkl,Peshawar,2026,6,3,0.0005473106866702437,0.0004438582982402295,0.002149730222299695,0.996859073638916,1.4992083623897663,0.0,0.0,1.0
GRU_Attn,gru_attn_best.pkl,Peshawar,2026,7,3,0.0005710498662665486,0.00042759464122354984,0.0022074540611356497,0.9967939257621765,1.3066868838628911,0.0,0.0,1.0
GRU_Attn,gru_attn_best.pkl,Peshawar,2026,8,3,0.0006555882282555103,0.0004751142405439168,0.00311131589114666,0.9957578778266907,1.159827638401869,0.0,0.0,1.0
GRU_Attn,gru_attn_best.pkl,Peshawar,2026,9,3,0.0009252317249774933,0.000698613643180579,0.008541124872863293,0.9898349642753601,0.9998772714588139,0.0,0.0,1.0
GRU_Attn,gru_attn_best.pkl,Peshawar,2026,10,2,0.008771020919084549,0.22339187562465668,0.7091189622879028,0.05871811509132385,0.4848566374068501,0.0,0.0,1.0
GRU_Attn,gru_attn_best.pkl,Peshawar,2026,11,0,0.5174416899681091,0.27242013812065125,0.07857709378004074,0.13156108558177948,-0.2031076050601154,0.0,0.0,1.0
GRU_Attn,gru_attn_best.pkl,Peshawar,2026,12,0,0.8045545816421509,0.03882817178964615,0.06619487702846527,0.09042240679264069,-0.7350325834107411,0.0,0.0,1.0
GRU_Attn,gru_attn_best.pkl,Quetta,2024,1,0,0.8471684455871582,0.023578466847538948,0.050965432077646255,0.07828768342733383,-1.6021963991275479,0.0,0.0,1.0
GRU_Attn,gru_attn_best.pkl,Quetta,2024,2,0,0.8453148007392883,0.02465515024960041,0.051481395959854126,0.07854876667261124,-1.297419935142323,0.0,0.0,1.0
GRU_Attn,gru_attn_best.pkl,Quetta,2024,3,0,0.8428662419319153,0.02768888510763645,0.051669176667928696,0.07777568697929382,-0.6053522666767318,0.0,0.0,1.0
GRU_Attn,gru_attn_best.pkl,Quetta,2024,4,0,0.7686501145362854,0.0883764922618866,0.05717269703745842,0.08580069243907928,-0.012573545693074067,0.0,0.0,1.0
GRU_Attn,gru_attn_best.pkl,Quetta,2024,5,2,0.0059177447110414505,0.2587164044380188,0.6903162002563477,0.045049622654914856,0.5657001530632548,0.0,0.0,1.0
GRU_Attn,gru_attn_best.pkl,Quetta,2024,6,3,0.0012405983870849013,0.0021765977144241333,0.03945721685886383,0.9571255445480347,1.0054671223808413,0.0,0.0,1.0
GRU_Attn,gru_attn_best.pkl,Quetta,2024,7,3,0.0007212341879494488,0.0007389492238871753,0.005703762173652649,0.992836058139801,1.0887111420772755,0.0,0.0,1.0
GRU_Attn,gru_attn_best.pkl,Quetta,2024,8,3,0.000869337294716388,0.0008602566085755825,0.008460791781544685,0.989809513092041,0.9405521140930514,0.0,0.0,1.0
GRU_Attn,gru_attn_best.pkl,Quetta,2024,9,2,0.0022650607861578465,0.01658640243113041,0.9535945057868958,0.027554087340831757,0.5658897858974615,0.0,0.0,1.0
GRU_Attn,gru_attn_best.pkl,Quetta,2024,10,1,0.07474934309720993,0.814731240272522,0.03791818022727966,0.0726013109087944,-0.08183521358116203,0.0,0.0,1.0
GRU_Attn,gru_attn_best.pkl,Quetta,2024,11,0,0.8279220461845398,0.03562583029270172,0.05328161641955376,0.08317051082849503,-0.761446053418091,0.0,0.0,1.0
GRU_Attn,gru_attn_best.pkl,Quetta,2024,12,0,0.844264030456543,0.025527700781822205,0.052266307175159454,0.07794202864170074,-1.3239079569697423,0.0,0.0,1.0
GRU_Attn,gru_attn_best.pkl,Quetta,2025,1,0,0.8464526534080505,0.02434857003390789,0.05207454413175583,0.0771242082118988,-1.5888443201123903,0.0,0.0,1.0
GRU_Attn,gru_attn_best.pkl,Quetta,2025,2,0,0.846814751625061,0.024741215631365776,0.051886752247810364,0.0765572190284729,-1.2840678561271655,0.0,0.0,1.0
GRU_Attn,gru_attn_best.pkl,Quetta,2025,3,0,0.8422387838363647,0.028768818825483322,0.05266938731074333,0.07632306218147278,-0.5920001876615746,0.0,0.0,1.0
GRU_Attn,gru_attn_best.pkl,Quetta,2025,4,0,0.6132665872573853,0.21799501776695251,0.06923697888851166,0.09950139373540878,0.0007785333220832417,0.0,0.0,1.0
GRU_Attn,gru_attn_best.pkl,Quetta,2025,5,2,0.0030031143687665462,0.0618927963078022,0.9017884135246277,0.033315591514110565,0.579052232078412,0.0,0.0,1.0
GRU_Attn,gru_attn_best.pkl,Quetta,2025,6,3,0.000944232102483511,0.0015141379553824663,0.018879583105444908,0.9786620736122131,1.0188192013959987,0.0,0.0,1.0
GRU_Attn,gru_attn_best.pkl,Quetta,2025,7,3,0.0006446581683121622,0.0006497260765172541,0.004507036879658699,0.9941985607147217,1.1020632210924328,0.0,0.0,1.0
GRU_Attn,gru_attn_best.pkl,Quetta,2025,8,3,0.0007993783801794052,0.0007790704257786274,0.006799010559916496,0.9916225075721741,0.9539041931082086,0.0,0.0,1.0
GRU_Attn,gru_attn_best.pkl,Quetta,2025,9,2,0.0019070119597017765,0.011103545315563679,0.9605034589767456,0.02648596279323101,0.5792418649126189,0.0,0.0,1.0
GRU_Attn,gru_attn_best.pkl,Quetta,2025,10,1,0.06052360683679581,0.837787926197052,0.03521207720041275,0.06647634506225586,-0.06848313456600474,0.0,0.0,1.0
GRU_Attn,gru_attn_best.pkl,Quetta,2025,11,0,0.8255861401557922,0.03660397604107857,0.05401028320193291,0.08379964530467987,-0.7480939744029338,0.0,0.0,1.0
GRU_Attn,gru_attn_best.pkl,Quetta,2025,12,0,0.8435839414596558,0.02569596655666828,0.0526474229991436,0.07807264477014542,-1.3105558779545847,0.0,0.0,1.0
GRU_Attn,gru_attn_best.pkl,Quetta,2026,1,0,0.8454201817512512,0.024629680439829826,0.05256139859557152,0.07738876342773438,-1.5754922410972332,0.0,0.0,1.0
GRU_Attn,gru_attn_best.pkl,Quetta,2026,2,0,0.845771849155426,0.02503780648112297,0.052366405725479126,0.0768238976597786,-1.2707157771120083,0.0,0.0,1.0
GRU_Attn,gru_attn_best.pkl,Quetta,2026,3,0,0.8409554362297058,0.029254892840981483,0.053160153329372406,0.07662954181432724,-0.5786481086464171,0.0,0.0,1.0
GRU_Attn,gru_attn_best.pkl,Quetta,2026,4,0,0.5277363061904907,0.2965962886810303,0.07272018492221832,0.10294719785451889,0.014130612337240606,0.0,0.0,1.0
GRU_Attn,gru_attn_best.pkl,Quetta,2026,5,2,0.002782938303425908,0.049944955855607986,0.9143301844596863,0.03294197842478752,0.5924043110935695,0.0,0.0,1.0
GRU_Attn,gru_attn_best.pkl,Quetta,2026,6,3,0.0009066204656846821,0.0014230682281777263,0.016587654128670692,0.9810826778411865,1.032171280411156,0.0,0.0,1.0
GRU_Attn,gru_attn_best.pkl,Quetta,2026,7,3,0.0006357887759804726,0.0006367058958858252,0.004309250507503748,0.9944182634353638,1.1154153001075902,0.0,0.0,1.0
GRU_Attn,gru_attn_best.pkl,Quetta,2026,8,3,0.0007804672350175679,0.0007540228543803096,0.00631583109498024,0.9921497106552124,0.9672562721233661,0.0,0.0,1.0
GRU_Attn,gru_attn_best.pkl,Quetta,2026,9,2,0.0017659682780504227,0.00875938218086958,0.9624056816101074,0.027068981900811195,0.5925939439277762,0.0,0.0,1.0
GRU_Attn,gru_attn_best.pkl,Quetta,2026,10,1,0.047299232333898544,0.8602508306503296,0.032383836805820465,0.06006607785820961,-0.05513105555084736,0.0,0.0,1.0
GRU_Attn,gru_attn_best.pkl,Quetta,2026,11,0,0.8222740292549133,0.03825191408395767,0.05469506233930588,0.08477889746427536,-0.7347418953877763,0.0,0.0,1.0
GRU_Attn,gru_attn_best.pkl,Quetta,2026,12,0,0.8422731161117554,0.02615094557404518,0.05315747484564781,0.07841850817203522,-1.2972037989394276,0.0,0.0,1.0
GRU_Attn,gru_attn_best.pkl,Rawalpindi,2024,1,0,0.8138551712036133,0.035610586404800415,0.06240801140666008,0.08812622725963593,-1.0201853506492706,0.0,0.0,1.0
GRU_Attn,gru_attn_best.pkl,Rawalpindi,2024,2,0,0.8114712834358215,0.038200926035642624,0.06266884505748749,0.08765895664691925,-0.6944094722126534,0.0,0.0,1.0
GRU_Attn,gru_attn_best.pkl,Rawalpindi,2024,3,0,0.7621358036994934,0.07296223193407059,0.0704512968659401,0.09445060044527054,-0.13124623431997795,0.0,0.0,1.0
GRU_Attn,gru_attn_best.pkl,Rawalpindi,2024,4,2,0.010389542207121849,0.2594073414802551,0.6689240336418152,0.06127898395061493,0.5017193239008856,0.0,0.0,1.0
GRU_Attn,gru_attn_best.pkl,Rawalpindi,2024,5,3,0.0012360239634290338,0.001620773458853364,0.02508843131363392,0.9720547795295715,1.0653312445894416,0.0,0.0,1.0
GRU_Attn,gru_attn_best.pkl,Rawalpindi,2024,6,3,0.0007681489805690944,0.0006067936192266643,0.00363061111420393,0.9949944019317627,1.296901252835908,0.0,0.0,1.0
GRU_Attn,gru_attn_best.pkl,Rawalpindi,2024,7,3,0.0007957396446727216,0.0006141237099654973,0.004398567136377096,0.9941914677619934,1.0551913827466082,0.0,0.0,1.0
GRU_Attn,gru_attn_best.pkl,Rawalpindi,2024,8,3,0.0009107814403250813,0.0007272058282978833,0.008384413085877895,0.9899775981903076,0.9611599348666081,0.0,0.0,1.0
GRU_Attn,gru_attn_best.pkl,Rawalpindi,2024,9,2,0.0019474151777103543,0.002346794353798032,0.8409665822982788,0.15473924577236176,0.8602606199033813,0.0,0.0,1.0
GRU_Attn,gru_attn_best.pkl,Rawalpindi,2024,10,1,0.005290905013680458,0.9090293049812317,0.052639007568359375,0.03304070606827736,0.3866352493796259,0.0,0.0,1.0
GRU_Attn,gru_attn_best.pkl,Rawalpindi,2024,11,0,0.5057526230812073,0.304243266582489,0.06552616506814957,0.12447800487279892,-0.22354428681355543,0.0,0.0,1.0
GRU_Attn,gru_attn_best.pkl,Rawalpindi,2024,12,0,0.8136026859283447,0.040483277291059494,0.05789082869887352,0.08802324533462524,-0.7469819024840426,0.0,0.0,1.0
GRU_Attn,gru_attn_best.pkl,Rawalpindi,2025,1,0,0.8254051804542542,0.03356986865401268,0.05695526301860809,0.08406970649957657,-1.0068332716341133,0.0,0.0,1.0
GRU_Attn,gru_attn_best.pkl,Rawalpindi,2025,2,0,0.8220878839492798,0.037118613719940186,0.056811969727277756,0.08398152887821198,-0.6810573931974961,0.0,0.0,1.0
GRU_Attn,gru_attn_best.pkl,Rawalpindi,2025,3,0,0.7523545026779175,0.0929543524980545,0.061799731105566025,0.09289141744375229,-0.11789415530482061,0.0,0.0,1.0
GRU_Attn,gru_attn_best.pkl,Rawalpindi,2025,4,2,0.00928112305700779,0.325449138879776,0.6062647104263306,0.0590050145983696,0.5150714029160428,0.0,0.0,1.0
GRU_Attn,gru_attn_best.pkl,Rawalpindi,2025,5,3,0.001198573037981987,0.0017629604553803802,0.020918691530823708,0.9761197566986084,1.078683323604599,0.0,0.0,1.0
GRU_Attn,gru_attn_best.pkl,Rawalpindi,2025,6,3,0.0006828094483353198,0.0005574249662458897,0.0029888784047216177,0.9957708716392517,1.3102533318510656,0.0,0.0,1.0
GRU_Attn,gru_attn_best.pkl,Rawalpindi,2025,7,3,0.0007117128698155284,0.0005615941481664777,0.0036960735451430082,0.9950305223464966,1.0685434617617655,0.0,0.0,1.0
GRU_Attn,gru_attn_best.pkl,Rawalpindi,2025,8,3,0.000827684358227998,0.0006692855968140066,0.0068320115096867085,0.9916709661483765,0.9745120138817653,0.0,0.0,1.0
GRU_Attn,gru_attn_best.pkl,Rawalpindi,2025,9,3,0.0028853376861661673,0.0033144254703074694,0.43386027216911316,0.5599399209022522,0.8736126989185385,0.0,0.0,1.0
GRU_Attn,gru_attn_best.pkl,Rawalpindi,2025,10,1,0.0055773090571165085,0.8958663940429688,0.06384959071874619,0.03470674157142639,0.3999873283947832,0.0,0.0,1.0
GRU_Attn,gru_attn_best.pkl,Rawalpindi,2025,11,0,0.43215832114219666,0.3762344419956207,0.06625805795192719,0.12534916400909424,-0.2101922077983982,0.0,0.0,1.0
GRU_Attn,gru_attn_best.pkl,Rawalpindi,2025,12,0,0.8112058043479919,0.0416686050593853,0.058505862951278687,0.08861974626779556,-0.7336298234688854,0.0,0.0,1.0
GRU_Attn,gru_attn_best.pkl,Rawalpindi,2026,1,0,0.82318115234375,0.03440029174089432,0.057752422988414764,0.08466603606939316,-0.9934811926189561,0.0,0.0,1.0
GRU_Attn,gru_attn_best.pkl,Rawalpindi,2026,2,0,0.8195382356643677,0.038146011531353,0.057691071182489395,0.08462469279766083,-0.6677053141823387,0.0,0.0,1.0
GRU_Attn,gru_attn_best.pkl,Rawalpindi,2026,3,0,0.7372610569000244,0.10484974831342697,0.06342308968305588,0.09446616470813751,-0.1045420762896633,0.0,0.0,1.0
GRU_Attn,gru_attn_best.pkl,Rawalpindi,2026,4,2,0.008774910122156143,0.27145376801490784,0.6601839065551758,0.059587493538856506,0.5284234819312003,0.0,0.0,1.0
GRU_Attn,gru_attn_best.pkl,Rawalpindi,2026,5,3,0.0011573265073820949,0.0016758386045694351,0.018818827345967293,0.9783479571342468,1.0920354026197563,0.0,0.0,1.0
GRU_Attn,gru_attn_best.pkl,Rawalpindi,2026,6,3,0.0006779863615520298,0.0005529702175408602,0.002929805079475045,0.9958392381668091,1.3236054108662227,0.0,0.0,1.0
GRU_Attn,gru_attn_best.pkl,Rawalpindi,2026,7,3,0.0007038815529085696,0.0005544692976400256,0.0035624478477984667,0.9951791763305664,1.0818955407769228,0.0,0.0,1.0
GRU_Attn,gru_attn_best.pkl,Rawalpindi,2026,8,3,0.0008099828264676034,0.0006515191635116935,0.006317920982837677,0.9922205805778503,0.9878640928969228,0.0,0.0,1.0
GRU_Attn,gru_attn_best.pkl,Rawalpindi,2026,9,3,0.0024129978846758604,0.002585721667855978,0.16523398458957672,0.8297672271728516,0.886964777933696,0.0,0.0,1.0
GRU_Attn,gru_attn_best.pkl,Rawalpindi,2026,10,1,0.005952054634690285,0.878471314907074,0.0784633681178093,0.037113264203071594,0.4133394074099406,0.0,0.0,1.0
GRU_Attn,gru_attn_best.pkl,Rawalpindi,2026,11,1,0.3476119637489319,0.4654844105243683,0.06471423804759979,0.12218945473432541,-0.19684012878324075,0.0,0.0,1.0
GRU_Attn,gru_attn_best.pkl,Rawalpindi,2026,12,0,0.8077168464660645,0.04351675137877464,0.05926405265927315,0.08950231224298477,-0.7202777444537279,0.0,0.0,1.0
