city,year,month,pred_risk,p_low,p_mod,p_high,p_extreme,heat_stress_index_proj,temp_delta_c,urban_delta_pct,pop_delta_mult
Islamabad,2024,1,0,0.9999999726934731,2.4105121803194597e-08,1.5331196197808171e-09,1.6682854473038634e-09,-0.6786560834048408,2.0,4.0,1.1
Islamabad,2024,2,0,0.9999999633917163,3.4130520838120105e-08,9.188420083915715e-10,1.5589206632508308e-09,-0.3528802049682232,2.0,4.0,1.1
Islamabad,2024,3,0,0.9999274983927039,7.246185893562629e-05,1.5051891454243596e-08,2.4696469046720364e-08,0.2102830329244525,2.0,4.0,1.1
Islamabad,2024,4,1,2.87777751131023e-06,0.9999967633636777,1.6656842809975632e-07,1.9229038274665035e-07,0.843248591145316,2.0,4.0,1.1
Islamabad,2024,5,3,6.694332697092559e-09,2.045306637493717e-07,0.07889078360404267,0.921109005170961,1.4068605118338724,2.0,4.0,1.1
Islamabad,2024,6,3,7.593728492852044e-11,4.107866405356218e-11,2.694135600602739e-07,0.9999997304694239,1.6384305200803393,2.0,4.0,1.1
Islamabad,2024,7,3,2.0178808484451937e-10,1.8949299599459206e-09,2.8203163217419612e-05,0.9999717947400646,1.396720649991039,2.0,4.0,1.1
Islamabad,2024,8,3,2.0899431255793896e-09,9.772783275187153e-08,0.07181242838085182,0.9281874718013724,1.302689202111039,2.0,4.0,1.1
Islamabad,2024,9,2,5.845547145133581e-09,2.601550177747443e-06,0.999768394851931,0.00022899775234413078,1.2017898871478119,2.0,4.0,1.1
Islamabad,2024,10,1,7.163068944291924e-05,0.9994445687925534,0.0002922790851163645,0.0001915214328872591,0.7281645166240566,2.0,4.0,1.1
Islamabad,2024,11,0,0.9989877060788853,0.0010110452218882442,1.2618877515055423e-07,1.1225104514528405e-06,0.11798498043087419,2.0,4.0,1.1
Islamabad,2024,12,0,0.9999998399760767,1.5246669543346262e-07,1.8189203873509936e-09,5.7383075436695804e-09,-0.4054526352396133,2.0,4.0,1.1
Islamabad,2025,1,0,0.9999999643417977,3.134952682875774e-08,2.0628164391834416e-09,2.245859014072096e-09,-0.6646566976259388,2.0,4.0,1.1
Islamabad,2025,2,0,0.9999999660772112,2.5738118395972057e-08,5.484257775229479e-09,2.7004126849804778e-09,-0.33888081918932117,2.0,4.0,1.1
Islamabad,2025,3,0,0.9999261873903698,7.37674960334206e-05,2.098701468761369e-08,2.4126582214569934e-08,0.22428241870335452,2.0,4.0,1.1
Islamabad,2025,4,1,2.0698518318509238e-05,0.9999780530809048,6.407292217324422e-07,6.076715548775082e-07,0.8572479769242181,2.0,4.0,1.1
Islamabad,2025,5,3,1.0100616743921743e-08,2.528002820058413e-07,0.06571238343745685,0.9342873536616444,1.4208598976127742,2.0,4.0,1.1
Islamabad,2025,6,3,6.917179879658675e-11,3.733224879108187e-11,2.3128948544943914e-07,0.9999997686040105,1.652429905859241,2.0,4.0,1.1
Islamabad,2025,7,3,2.0178824958508904e-10,1.8949315069740386e-09,2.7386782390932533e-05,0.9999726111208893,1.4107200357699412,2.0,4.0,1.1
Islamabad,2025,8,3,2.0899431255793896e-09,9.772783275187153e-08,0.07181242838085182,0.9281874718013724,1.3166885878899408,2.0,4.0,1.1
Islamabad,2025,9,2,9.773485341225855e-09,4.349671963187479e-06,0.9996289197689492,0.00036672078560227693,1.2157892729267141,2.0,4.0,1.1
Islamabad,2025,10,1,7.16238426690751e-05,0.9993490375197779,0.00029225114780610366,0.00028708748974702966,0.7421639024029586,2.0,4.0,1.1
Islamabad,2025,11,0,0.9989108393279009,0.0010878304667302238,1.3433933089799643e-07,1.1958660378293314e-06,0.13198436620977622,2.0,4.0,1.1
Islamabad,2025,12,0,0.9999998308545486,1.6109449404340665e-07,1.9377542127081705e-09,6.113203026304366e-09,-0.39145324946071125,2.0,4.0,1.1
Islamabad,2026,1,0,0.999999964340447,3.13495268287154e-08,2.064167187867301e-09,2.2458590140690626e-09,-0.6506573118470368,2.0,4.0,1.1
Islamabad,2026,2,0,0.9999999660789207,2.5736821355761213e-08,5.483981402934031e-09,2.7002766010684893e-09,-0.32488143341041914,2.0,4.0,1.1
Islamabad,2026,3,0,0.9999261988207767,7.376749687667534e-05,9.489680453069559e-09,2.4192666138274297e-08,0.23828180448225653,2.0,4.0,1.1
Islamabad,2026,4,1,2.0285995516818483e-05,0.9999784732023883,6.452414731102348e-07,5.95560621695316e-07,0.8712473627031201,2.0,4.0,1.1
Islamabad,2026,5,3,1.0208702791802247e-08,2.5983705617094193e-07,0.06641556741152825,0.9335841625427128,1.4348592833916765,2.0,4.0,1.1
Islamabad,2026,6,3,6.385010882877007e-11,3.446011509897179e-11,2.134953705674867e-07,0.9999997864063191,1.6664292916381434,2.0,4.0,1.1
Islamabad,2026,7,3,2.0178824965221317e-10,1.562285102251666e-09,2.7386782400042647e-05,0.9999726114535266,1.424719421548843,2.0,4.0,1.1
Islamabad,2026,8,3,2.097465791251776e-09,9.807960012950073e-08,0.06847145479305651,0.9315284450298776,1.330687973668843,2.0,4.0,1.1
Islamabad,2026,9,2,6.861468609251493e-09,2.90242805144678e-06,0.9997396346371428,0.0002574560733371367,1.229788658705616,2.0,4.0,1.1
Islamabad,2026,10,1,7.16238426690751e-05,0.9993490375197779,0.00029225114780610366,0.00028708748974702966,0.7561632881818606,2.0,4.0,1.1
Islamabad,2026,11,0,0.9987060957328133,0.0012920769908407927,1.5956232494570762e-07,1.6677140207543336e-06,0.14598375198867822,2.0,4.0,1.1
Islamabad,2026,12,0,0.9999998308545486,1.6109449404340665e-07,1.9377542127081705e-09,6.113203026304366e-09,-0.3774538636818092,2.0,4.0,1.1
Islamabad,2027,1,0,0.9999999647408043,3.084613021437382e-08,2.1672064508589196e-09,2.2458590149682083e-09,-0.6366579260681349,2.0,4.0,1.1
Islamabad,2027,2,0,0.9999999673589128,2.5736821388704137e-08,4.203989277479871e-09,2.7002766045248217e-09,-0.3108820476315172,2.0,4.0,1.1
Islamabad,2027,3,0,0.9999252321101905,7.473445889248396e-05,8.921127793631176e-09,2.45097893999726e-08,0.25228119026115847,2.0,4.0,1.1
Islamabad,2027,4,1,2.2479434070032806e-05,0.9999760957985369,7.150086936579971e-07,7.097586993134563e-07,0.885246748482022,2.0,4.0,1.1
Islamabad,2027,5,3,1.0208702791802247e-08,2.5983705617094193e-07,0.06641556741152825,0.9335841625427128,1.4488586691705783,2.0,4.0,1.1
Islamabad,2027,6,3,6.075337738704874e-11,3.01779089521659e-11,1.86965244781982e-07,0.999999812943824,1.6804286774170452,2.0,4.0,1.1
Islamabad,2027,7,3,2.13878066539845e-10,1.5621872547891933e-09,2.738678239971423e-05,0.999972611441535,1.4387188073277448,2.0,4.0,1.1
Islamabad,2027,8,3,2.090983304560694e-09,9.777647256233948e-08,0.07135046308098797,0.9286494370515561,1.3446873594477449,2.0,4.0,1.1
Islamabad,2027,9,2,4.021206258887926e-09,2.6757240261849172e-06,0.9997599736646354,0.00023734659013235985,1.243788044484518,2.0,4.0,1.1
Islamabad,2027,10,1,7.161753241348305e-05,0.9993490948713452,0.0002922253996840956,0.00028706219655735875,0.7701626739607625,2.0,4.0,1.1
Islamabad,2027,11,0,0.9987060957328133,0.0012920769908407927,1.5956232494570762e-07,1.6677140207543336e-06,0.15998313776758014,2.0,4.0,1.1
Islamabad,2027,12,0,0.9999998314174776,1.6109449413409145e-07,1.937754213798989e-09,5.550273910164411e-09,-0.3634544779029073,2.0,4.0,1.1
Islamabad,2028,1,0,0.9999999627755469,2.7902299033413898e-08,7.076295155421659e-09,2.2458590105545173e-09,-0.6226585402892303,2.0,4.0,1.1
Islamabad,2028,2,0,0.9999999673589128,2.5736821388704137e-08,4.203989277479871e-09,2.7002766045248217e-09,-0.2968826618526126,2.0,4.0,1.1
Islamabad,2028,3,0,0.9999252321101905,7.473445889248396e-05,8.921127793631176e-09,2.45097893999726e-08,0.26628057604006317,2.0,4.0,1.1
Islamabad,2028,4,1,2.2479434276037887e-05,0.9999761049624757,7.058445423442214e-07,7.097587058177971e-07,0.8992461342609267,2.0,4.0,1.1
Islamabad,2028,5,3,1.0730036532143737e-08,2.731063056667439e-07,0.07319664448414138,0.9268030716795164,1.4628580549494827,2.0,4.0,1.1
Islamabad,2028,6,3,8.497668291392739e-11,4.221030517688139e-11,3.0417537810798005e-07,0.9999996956974349,1.6944280631959496,2.0,4.0,1.1
Islamabad,2028,7,3,2.2804379184855286e-10,1.6656551600780482e-09,2.1836887055669664e-05,0.9999781612192453,1.4527181931066495,2.0,4.0,1.1
Islamabad,2028,8,3,2.090983304560694e-09,9.777647256233948e-08,0.07135046308098797,0.9286494370515561,1.3586867452266493,2.0,4.0,1.1
Islamabad,2028,9,2,4.021206258887926e-09,2.6757240261849172e-06,0.9997599736646354,0.00023734659013235985,1.2577874302634227,2.0,4.0,1.1
Islamabad,2028,10,1,7.161753241348305e-05,0.9993490948713452,0.0002922253996840956,0.00028706219655735875,0.7841620597396673,2.0,4.0,1.1
Islamabad,2028,11,0,0.9987052758449302,0.0012920759301100397,1.5956219395299875e-07,2.488662765651702e-06,0.17398252354648483,2.0,4.0,1.1
Islamabad,2028,12,0,0.9999998370597954,1.5570279462328204e-07,1.872899182577923e-09,5.3645108318721086e-09,-0.34945509212400266,2.0,4.0,1.1
Islamabad,2029,1,0,0.9999999625877801,2.8043043225622795e-08,7.1119892551906015e-09,2.2571875255230166e-09,-0.6086591545103283,2.0,4.0,1.1
Islamabad,2029,2,0,0.9999999673589128,2.5736821388704137e-08,4.203989277479871e-09,2.7002766045248217e-09,-0.28288327607371055,2.0,4.0,1.1
Islamabad,2029,3,0,0.9999214112409021,7.85553283085523e-05,8.921093704619208e-09,2.4509695744268575e-08,0.2802799618189651,2.0,4.0,1.1
Islamabad,2029,4,1,2.2479434276037887e-05,0.9999761049624757,7.058445423442214e-07,7.097587058177971e-07,0.9132455200398285,2.0,4.0,1.1
Islamabad,2029,5,3,1.0730036668628165e-08,2.603864615909855e-07,0.07319664541519154,0.9268030834683102,1.4768574407283848,2.0,4.0,1.1
Islamabad,2029,6,3,2.009176413080725e-10,4.221030517198748e-11,3.041753780727137e-07,0.9999996955814939,1.7084274489748517,2.0,4.0,1.1
Islamabad,2029,7,3,2.2804405491709734e-10,1.6656570815575807e-09,2.068332440979348e-05,0.999979314781889,1.4667175788855515,2.0,4.0,1.1
Islamabad,2029,8,3,2.090983304560694e-09,9.777647256233948e-08,0.07135046308098797,0.9286494370515561,1.3726861310055514,2.0,4.0,1.1
Islamabad,2029,9,2,5.039720672788984e-09,2.675724023459653e-06,0.9997599726463653,0.0002373465898906189,1.2717868160423245,2.0,4.0,1.1
Islamabad,2029,10,1,7.161753241348305e-05,0.9993490948713452,0.0002922253996840956,0.00028706219655735875,0.7981614455185692,2.0,4.0,1.1
Islamabad,2029,11,0,0.9987033052058604,0.0012920733805938105,1.595618791058651e-07,4.461851666489472e-06,0.18798190932538675,2.0,4.0,1.1
Islamabad,2029,12,0,0.999999835397797,1.5570279436450419e-07,1.869247605144634e-09,7.030161120380172e-09,-0.33545570634510063,2.0,4.0,1.1
Karachi,2024,1,0,0.9999998126969731,1.8037156446361798e-07,1.7135414141039573e-09,5.2179208560862944e-09,0.08145268816441616,2.0,4.0,1.1
Karachi,2024,2,0,0.9210332225314963,0.07895455599518506,2.4657064512955643e-06,9.755766867334234e-06,0.42672996778303135,2.0,4.0,1.1
Karachi,2024,3,1,1.7516676186301948e-06,0.9998803419793154,0.00011662668757139773,1.2796654944762229e-06,0.8730835437772986,2.0,4.0,1.1
Karachi,2024,4,2,1.4849156134254029e-08,9.777676137644162e-06,0.9956136436773446,0.004376563797361579,1.2235495523276598,2.0,4.0,1.1
Karachi,2024,5,3,2.450440353111599e-10,1.7756603904300925e-09,7.092078578600016e-05,0.9999290771935094,1.3463558713575194,2.0,4.0,1.1
Karachi,2024,6,3,7.346168180883127e-11,3.1224034759742915e-11,1.4538902678999847e-06,0.9999985460050465,1.4063395577932225,2.0,4.0,1.1
Karachi,2024,7,3,2.3247255410648516e-08,8.902930748707629e-07,0.041414934730153403,0.9585841517295164,1.2404129465392542,2.0,4.0,1.1
Karachi,2024,8,2,1.1729076127702209e-08,6.1952386867980104e-06,0.9861325141707642,0.013861278861472783,1.1406179960674896,2.0,4.0,1.1
Karachi,2024,9,2,1.9948366756310986e-08,3.381837674549162e-06,0.9709820859583675,0.02901451225559122,1.2076560253224624,2.0,4.0,1.1
Karachi,2024,10,2,1.1797352270370752e-07,9.440708937722884e-06,0.9838766502966566,0.016113791020883037,1.2016860732107872,2.0,4.0,1.1
Karachi,2024,11,1,8.310150750780903e-05,0.999241486332442,0.00047818735416253,0.00019722480588764014,0.784393357364735,2.0,4.0,1.1
Karachi,2024,12,1,0.11422910651009281,0.8857547446018804,1.495863797010111e-06,1.4653024229839831e-05,0.28275258118489094,2.0,4.0,1.1
Karachi,2025,1,0,0.999999086431456,8.884083377645366e-07,8.297258972797649e-09,1.6862947129076644e-08,0.09545207394331819,2.0,4.0,1.1
Karachi,2025,2,0,0.9853599176581935,0.014633894016972408,2.0743599584098905e-06,4.113964875479724e-06,0.4407293535619334,2.0,4.0,1.1
Karachi,2025,3,1,3.855762473071284e-06,0.9999199318501782,7.509835555222676e-05,1.1140317962691062e-06,0.8870829295562006,2.0,4.0,1.1
Karachi,2025,4,2,3.092117492150689e-08,1.3630896151780018e-05,0.993686493764183,0.006299844418490266,1.2375489381065616,2.0,4.0,1.1
Karachi,2025,5,3,3.027129603662046e-09,1.555926073968253e-08,0.00034111105852014024,0.9996588703550895,1.3603552571364212,2.0,4.0,1.1
Karachi,2025,6,3,9.799960870721208e-11,9.128514935332933e-11,4.262262764681759e-06,0.9999957375479505,1.4203389435721248,2.0,4.0,1.1
Karachi,2025,7,3,2.65257122314906e-08,1.015847139309764e-06,0.048850572701600224,0.9511483849255483,1.2544123323181564,2.0,4.0,1.1
Karachi,2025,8,2,1.1729076127702209e-08,6.1952386867980104e-06,0.9861325141707642,0.013861278861472783,1.1546173818463914,2.0,4.0,1.1
Karachi,2025,9,2,2.3818383153628895e-08,4.0379198196918065e-06,0.956665501072738,0.04333043718905903,1.2216554111013644,2.0,4.0,1.1
Karachi,2025,10,2,1.1797352270370752e-07,9.440708937722884e-06,0.9838766502966566,0.016113791020883037,1.215685458989689,2.0,4.0,1.1
Karachi,2025,11,1,7.933401402408456e-05,0.9991818991947357,0.00045650823190788846,0.00028225855933237617,0.7983927431436371,2.0,4.0,1.1
Karachi,2025,12,1,0.11422910664868896,0.885754745676582,1.4958637988250684e-06,1.4651810930259384e-05,0.29675196696379297,2.0,4.0,1.1
Karachi,2026,1,0,0.9999991256501604,8.492659977532546e-07,8.297259298205693e-09,1.6786582503826495e-08,0.10945145972222019,2.0,4.0,1.1
Karachi,2026,2,0,0.9853590198570149,0.014633880683441115,2.9854984168584156e-06,4.113961127080335e-06,0.45472873934083535,2.0,4.0,1.1
Karachi,2026,3,1,4.019424658980995e-06,0.9999165332672746,7.828598993420464e-05,1.1613181320389268e-06,0.9010823153351025,2.0,4.0,1.1
Karachi,2026,4,2,3.0809745764010904e-08,1.1990198860666883e-05,0.9936881242359225,0.006299854755471146,1.2515483238854639,2.0,4.0,1.1
Karachi,2026,5,3,3.0162159304307705e-09,1.6273921574222993e-08,0.0003411110582800843,0.9996588696515825,1.3743546429153235,2.0,4.0,1.1
Karachi,2026,6,3,1.2270396512995685e-10,9.120102293535248e-11,1.8171653367878277e-06,0.9999981826207582,1.4343383293510266,2.0,4.0,1.1
Karachi,2026,7,3,2.65257122314906e-08,1.015847139309764e-06,0.048850572701600224,0.9511483849255483,1.2684117180970582,2.0,4.0,1.1
Karachi,2026,8,2,1.1599997846988465e-08,6.127060191783005e-06,0.9752801428416661,0.0247137184981442,1.1686167676252937,2.0,4.0,1.1
Karachi,2026,9,2,2.3818383153628895e-08,4.0379198196918065e-06,0.956665501072738,0.04333043718905903,1.2356547968802665,2.0,4.0,1.1
Karachi,2026,10,2,1.1797303002125309e-07,1.3616881623338337e-05,0.9838725414190728,0.016113723726273805,1.2296848447685913,2.0,4.0,1.1
Karachi,2026,11,1,7.933401402408456e-05,0.9991818991947357,0.00045650823190788846,0.00028225855933237617,0.8123921289225391,2.0,4.0,1.1
Karachi,2026,12,1,0.11422926082065842,0.885755941156067,1.495393980839816e-06,1.3302629293469294e-05,0.310751352742695,2.0,4.0,1.1
Karachi,2027,1,0,0.9999991256501604,8.492659977532546e-07,8.297259298205693e-09,1.6786582503826495e-08,0.1234508455011221,2.0,4.0,1.1
Karachi,2027,2,0,0.9853590198570149,0.014633880683441115,2.9854984168584156e-06,4.113961127080335e-06,0.46872812511973727,2.0,4.0,1.1
Karachi,2027,3,1,4.399204499938844e-06,0.9998921562883659,0.00010225946644198567,1.1850406922032645e-06,0.9150817011140046,2.0,4.0,1.1
Karachi,2027,4,2,3.080976926096483e-08,1.1227561208203611e-05,0.9936888820689875,0.006299859560035197,1.2655477096643657,2.0,4.0,1.1
Karachi,2027,5,3,2.3403289127597225e-09,1.807802101324382e-08,0.0003411110578952386,0.9996588685237549,1.3883540286942253,2.0,4.0,1.1
Karachi,2027,6,3,1.227038667648424e-10,9.120094982443833e-11,2.618809648856267e-06,0.9999973809764463,1.4483377151299284,2.0,4.0,1.1
Karachi,2027,7,3,2.661248961692701e-08,1.018897436293706e-06,0.04573894076882778,0.9542600137212464,1.28241110387596,2.0,4.0,1.1
Karachi,2027,8,2,1.2828628881267009e-08,6.127060184255108e-06,0.9752801416434066,0.024713718467780154,1.1826161534041955,2.0,4.0,1.1
Karachi,2027,9,2,2.3818383153628895e-08,4.0379198196918065e-06,0.956665501072738,0.04333043718905903,1.2496541826591685,2.0,4.0,1.1
Karachi,2027,10,2,1.1797303002125309e-07,1.3616881623338337e-05,0.9838725414190728,0.016113723726273805,1.243684230547493,2.0,4.0,1.1
Karachi,2027,11,1,5.590516815864524e-05,0.9994317750886265,0.00031657917345458787,0.00019574056976032005,0.826391514701441,2.0,4.0,1.1
Karachi,2027,12,1,0.10880872770762806,0.891174970161873,1.4244328931821213e-06,1.4877697605720442e-05,0.3247507385215969,2.0,4.0,1.1
Karachi,2028,1,0,0.9999991271959525,8.492659990660445e-07,8.29724430992912e-09,1.5240804305449118e-08,0.13745023128002679,2.0,4.0,1.1
Karachi,2028,2,0,0.9848013109803831,0.01519098445438097,2.9675842109914456e-06,4.736981024807946e-06,0.48272751089864196,2.0,4.0,1.1
Karachi,2028,3,1,4.4008527348978485e-06,0.9998921546403013,0.0001022594662734373,1.1850406902500302e-06,0.9290810868929091,2.0,4.0,1.1
Karachi,2028,4,2,3.087970920461576e-08,1.1227561207418357e-05,0.9936888819994889,0.006299859559594585,1.2795470954432704,2.0,4.0,1.1
Karachi,2028,5,3,2.3403422163032986e-09,1.7906296942454925e-08,0.00033542869274274,0.9996645510606181,1.4023534144731298,2.0,4.0,1.1
Karachi,2028,6,3,1.227038667648424e-10,9.120094982443833e-11,2.618809648856267e-06,0.9999973809764463,1.462337100908833,2.0,4.0,1.1
Karachi,2028,7,3,2.7022437601466643e-08,1.0345928844262825e-06,0.031039173720063956,0.9689597646646141,1.296410489654865,2.0,4.0,1.1
Karachi,2028,8,2,1.2828628881267009e-08,6.127060184255108e-06,0.9752801416434066,0.024713718467780154,1.1966155391831002,2.0,4.0,1.1
Karachi,2028,9,2,2.3818383153628895e-08,4.0379198196918065e-06,0.956665501072738,0.04333043718905903,1.263653568438073,2.0,4.0,1.1
Karachi,2028,10,2,1.1797303002125309e-07,1.3616881623338337e-05,0.9838725414190728,0.016113723726273805,1.2576836163263978,2.0,4.0,1.1
Karachi,2028,11,1,5.590516815864524e-05,0.9994317750886265,0.00031657917345458787,0.00019574056976032005,0.8403909004803457,2.0,4.0,1.1
Karachi,2028,12,1,0.10880862544153083,0.8911741325729399,2.3643019067403694e-06,1.4877683622613553e-05,0.3387501243005016,2.0,4.0,1.1
Karachi,2029,1,0,0.9999991282273143,8.49241451184814e-07,7.290430344082861e-09,1.524080432116792e-08,0.1514496170589287,2.0,4.0,1.1
Karachi,2029,2,0,0.9857928288874832,0.014199734773614525,2.6945885889870955e-06,4.741750313251535e-06,0.4967268966775439,2.0,4.0,1.1
Karachi,2029,3,1,4.347543642668416e-06,0.999892207943879,0.00010225947172482061,1.1850407534237515e-06,0.9430804726718112,2.0,4.0,1.1
Karachi,2029,4,2,2.965809509934505e-08,1.078339422877584e-05,0.9939385524454882,0.00605063450218778,1.2935464812221722,2.0,4.0,1.1
Karachi,2029,5,3,2.34051676905932e-09,1.7907632470848876e-08,0.0002608694232467957,0.9997391103286041,1.4163528002520318,2.0,4.0,1.1
Karachi,2029,6,3,1.227038667648424e-10,9.120094982443833e-11,2.618809648856267e-06,0.9999973809764463,1.476336486687735,2.0,4.0,1.1
Karachi,2029,7,3,2.7022437601466643e-08,1.0345928844262825e-06,0.031039173720063956,0.9689597646646141,1.3104098754337667,2.0,4.0,1.1
Karachi,2029,8,2,2.073376877421988e-08,9.902620950519537e-06,0.9426326984545733,0.05735737819070736,1.210614924962002,2.0,4.0,1.1
Karachi,2029,9,2,2.331415881545545e-08,3.952438893654585e-06,0.9364133275301239,0.06358269671682358,1.277652954216975,2.0,4.0,1.1
Karachi,2029,10,2,1.1797303002125309e-07,1.3616881623338337e-05,0.9838725414190728,0.016113723726273805,1.2716830021052996,2.0,4.0,1.1
Karachi,2029,11,1,6.0844518088980045e-05,0.9993815711134153,0.00034454967009831525,0.0002130346983973309,0.8543902862592475,2.0,4.0,1.1
Karachi,2029,12,1,0.10880574221911476,0.8911505181469215,2.1539784454856896e-05,2.2199849508991383e-05,0.3527495100794035,2.0,4.0,1.1
Lahore,2024,1,0,0.9999999721763736,2.50651068696298e-08,1.1044955093896862e-09,1.6540239507101853e-09,-0.47339263519168606,2.0,4.0,1.1
Lahore,2024,2,0,0.9999999639646282,3.3000115982948454e-08,1.2171131009399147e-09,1.8181428754566196e-09,-0.07913848361571732,2.0,4.0,1.1
Lahore,2024,3,0,0.9990530232355646,0.000946873058109463,2.6706269730626785e-08,7.70000565477146e-08,0.4457717714165986,2.0,4.0,1.1
Lahore,2024,4,2,2.9383508840584616e-07,0.10786016001240935,0.892133915487211,5.630665291208777e-06,1.1346873000711648,2.0,4.0,1.1
Lahore,2024,5,3,1.1337404001302203e-10,2.0999294431868188e-11,3.217806429148499e-07,0.9999996780849837,1.7061564546106252,2.0,4.0,1.1
Lahore,2024,6,3,2.8319214884911535e-11,5.129665390443349e-12,1.3259580756503433e-08,0.9999999867069704,1.7922183234062437,2.0,4.0,1.1
Lahore,2024,7,3,1.211328786564943e-11,2.8168580654881905e-11,3.457179763008471e-08,0.9999999653879205,1.4850996698570316,2.0,4.0,1.1
Lahore,2024,8,3,7.432466806362044e-11,6.489551680746459e-10,8.226778260156538e-06,0.9999917724984599,1.4296676089958198,2.0,4.0,1.1
Lahore,2024,9,3,5.243049757154261e-10,2.2362096281917883e-08,0.001401048848680056,0.9985989282649188,1.3731870738377334,2.0,4.0,1.1
Lahore,2024,10,1,4.053071857667346e-06,0.9490263112310613,0.05000334765512823,0.0009662880419528256,1.0120468320238498,2.0,4.0,1.1
Lahore,2024,11,0,0.9935278373051105,0.006451638197691058,8.664874665682393e-06,1.1859622532706631e-05,0.3517928994839259,2.0,4.0,1.1
Lahore,2024,12,0,0.9999980078897176,1.5439331081717732e-06,1.911426013008893e-08,4.2906291410806456e-07,-0.22329082743883816,2.0,4.0,1.1
Lahore,2025,1,0,0.9999999599274765,3.47866750084332e-08,8.593098542629188e-10,4.426538415962353e-09,-0.45939324941278403,2.0,4.0,1.1
Lahore,2025,2,0,0.9999999581093764,3.172102668700756e-08,5.893795855974369e-09,4.275801161630074e-09,-0.06513909783681529,2.0,4.0,1.1
Lahore,2025,3,0,0.9991484990752318,0.0008513404580104001,7.7058747531761e-08,8.340801028054005e-08,0.4597711571955006,2.0,4.0,1.1
Lahore,2025,4,2,1.7593025970620668e-07,0.009428570210622485,0.990565815194194,5.438664923781613e-06,1.1486866858500668,2.0,4.0,1.1
Lahore,2025,5,3,2.667950816753833e-10,4.315687342310995e-11,1.3935735703968596e-06,0.9999986061164776,1.7201558403895274,2.0,4.0,1.1
Lahore,2025,6,3,3.827471671502489e-11,7.467061585867895e-12,2.4316102740094704e-08,0.9999999756381553,1.806217709185146,2.0,4.0,1.1
Lahore,2025,7,3,1.211328786564943e-11,2.8168580654881905e-11,3.457179763008471e-08,0.9999999653879205,1.4990990556359334,2.0,4.0,1.1
Lahore,2025,8,3,7.432466806373613e-11,6.473986065476852e-10,8.226778260169341e-06,0.9999917725000165,1.4436669947747216,2.0,4.0,1.1
Lahore,2025,9,3,5.243049757154261e-10,2.2362096281917883e-08,0.001401048848680056,0.9985989282649188,1.3871864596166352,2.0,4.0,1.1
Lahore,2025,10,1,4.053071857667346e-06,0.9490263112310613,0.05000334765512823,0.0009662880419528256,1.0260462178027518,2.0,4.0,1.1
Lahore,2025,11,0,0.9935278378926351,0.006451638201506247,8.664874670806382e-06,1.185903118777472e-05,0.3657922852628279,2.0,4.0,1.1
Lahore,2025,12,0,0.9999979968411893,1.5439330911135505e-06,3.016281014861385e-08,4.2906290936754133e-07,-0.20929144165993613,2.0,4.0,1.1
Lahore,2026,1,0,0.9999999599274765,3.47866750084332e-08,8.593098542629188e-10,4.426538415962353e-09,-0.445393863633882,2.0,4.0,1.1
Lahore,2026,2,0,0.9999999577910028,3.172102667690842e-08,6.2121693585678126e-09,4.275801160268772e-09,-0.05113971205791327,2.0,4.0,1.1
Lahore,2026,3,0,0.9991484969563095,0.0008513404562049384,7.917947551512571e-08,8.340801010365434e-08,0.4737705429744026,2.0,4.0,1.1
Lahore,2026,4,2,1.9347217652580907e-07,0.010367717998018569,0.9896261081379792,5.980391825682784e-06,1.1626860716289689,2.0,4.0,1.1
Lahore,2026,5,3,2.898773254576574e-10,4.342494791757938e-11,1.2498121385189825e-06,0.9999987498545592,1.7341552261684292,2.0,4.0,1.1
Lahore,2026,6,3,3.827471671502489e-11,7.467061585867895e-12,2.4316102740094704e-08,0.9999999756381553,1.8202170949640477,2.0,4.0,1.1
Lahore,2026,7,3,1.211328786564943e-11,2.8168580654881905e-11,3.457179763008471e-08,0.9999999653879205,1.5130984414148356,2.0,4.0,1.1
Lahore,2026,8,3,7.432466806373613e-11,6.473986065476852e-10,8.226778260169341e-06,0.9999917725000165,1.4576663805536239,2.0,4.0,1.1
Lahore,2026,9,3,5.243049757154261e-10,2.2362096281917883e-08,0.001401048848680056,0.9985989282649188,1.4011858453955375,2.0,4.0,1.1
Lahore,2026,10,1,4.053071857667346e-06,0.9490263112310613,0.05000334765512823,0.0009662880419528256,1.0400456035816539,2.0,4.0,1.1
Lahore,2026,11,0,0.9930709950695192,0.006909186096119392,8.36826605935678e-06,1.1450568301931138e-05,0.37979167104172995,2.0,4.0,1.1
Lahore,2026,12,0,0.9999979993961342,1.5439330950582223e-06,2.7607860250999986e-08,4.2906291046377566e-07,-0.1952920558810341,2.0,4.0,1.1
Lahore,2027,1,0,0.999999960777332,3.367150224933047e-08,8.31762555164335e-10,4.719403203327975e-09,-0.4313944778549801,2.0,4.0,1.1
Lahore,2027,2,0,0.9999999577910028,3.172102667690842e-08,6.2121693585678126e-09,4.275801160268772e-09,-0.03714032627901135,2.0,4.0,1.1
Lahore,2027,3,0,0.9991484970240753,0.0008513404562626792,7.911165218415776e-08,8.340801010931136e-08,0.4877699287533045,2.0,4.0,1.1
Lahore,2027,4,2,2.104119172792952e-07,0.009420552149277128,0.9905732513233158,5.9861154897178764e-06,1.1766854574078707,2.0,4.0,1.1
Lahore,2027,5,3,4.152723906388854e-10,6.220970166131995e-11,1.7904555790724903e-06,0.9999982090669388,1.748154611947331,2.0,4.0,1.1
Lahore,2027,6,3,3.82747160664815e-11,7.467061459342765e-12,4.126053599496421e-08,0.9999999586937222,1.8342164807429495,2.0,4.0,1.1
Lahore,2027,7,3,1.211328786564943e-11,2.8168580654881905e-11,3.457179763008471e-08,0.9999999653879205,1.5270978271937374,2.0,4.0,1.1
Lahore,2027,8,3,7.432466806373613e-11,6.473986065476852e-10,8.226778260169341e-06,0.9999917725000165,1.4716657663325257,2.0,4.0,1.1
Lahore,2027,9,3,5.243049757154261e-10,2.2362096281917883e-08,0.001401048848680056,0.9985989282649188,1.4151852311744393,2.0,4.0,1.1
Lahore,2027,10,1,4.053071857667346e-06,0.9490263112310613,0.05000334765512823,0.0009662880419528256,1.0540449893605557,2.0,4.0,1.1
Lahore,2027,11,0,0.9930709950695192,0.006909186096119392,8.36826605935678e-06,1.1450568301931138e-05,0.39379105682063187,2.0,4.0,1.1
Lahore,2027,12,0,0.9999979993961342,1.5439330950582223e-06,2.7607860250999986e-08,4.2906291046377566e-07,-0.18129267010213218,2.0,4.0,1.1
Lahore,2028,1,0,0.999999960777332,3.367150224933047e-08,8.31762555164335e-10,4.719403203327975e-09,-0.41739509207607545,2.0,4.0,1.1
Lahore,2028,2,0,0.9999999617330547,2.831316959614592e-08,5.895758325557034e-09,4.0580172294099984e-09,-0.023140940500106656,2.0,4.0,1.1
Lahore,2028,3,0,0.9991121361984076,0.0008877012878446932,7.91087731676733e-08,8.340497474057097e-08,0.5017693145322092,2.0,4.0,1.1
Lahore,2028,4,2,2.1045025699134424e-07,0.009240056047709486,0.9907537462957978,5.987206235656299e-06,1.1906848431867754,2.0,4.0,1.1
Lahore,2028,5,3,4.29372183757956e-10,6.431772946480796e-11,1.851126664784223e-06,0.9999981483796453,1.7621539977262357,2.0,4.0,1.1
Lahore,2028,6,3,3.82747160664815e-11,7.467061459342765e-12,4.126053599496421e-08,0.9999999586937222,1.8482158665218542,2.0,4.0,1.1
Lahore,2028,7,3,1.2113287870338336e-11,3.103214614794741e-11,3.418184642259723e-08,0.9999999657750082,1.5410972129726421,2.0,4.0,1.1
Lahore,2028,8,3,9.236441568212639e-11,6.473986065360063e-10,8.226778260020934e-06,0.999991772481977,1.4856651521114304,2.0,4.0,1.1
Lahore,2028,9,3,5.243049757154261e-10,2.2362096281917883e-08,0.001401048848680056,0.9985989282649188,1.429184616953344,2.0,4.0,1.1
Lahore,2028,10,1,4.053071857667346e-06,0.9490263112310613,0.05000334765512823,0.0009662880419528256,1.0680443751394604,2.0,4.0,1.1
Lahore,2028,11,0,0.9930709950695192,0.006909186096119392,8.36826605935678e-06,1.1450568301931138e-05,0.40779044259953656,2.0,4.0,1.1
Lahore,2028,12,0,0.9999979915410824,1.5499951019491626e-06,2.7716258108148996e-08,4.3074755750463734e-07,-0.16729328432322754,2.0,4.0,1.1
Lahore,2029,1,0,0.9999999606663743,3.367150224559436e-08,9.427203409421762e-10,4.719403202804321e-09,-0.4033957062971734,2.0,4.0,1.1
Lahore,2029,2,0,0.9999999617330547,2.831316959614592e-08,5.895758325557034e-09,4.0580172294099984e-09,-0.009141554721204738,2.0,4.0,1.1
Lahore,2029,3,0,0.9991121361984076,0.0008877012878446932,7.91087731676733e-08,8.340497474057097e-08,0.515768700311111,2.0,4.0,1.1
Lahore,2029,4,2,1.4201316066992732e-07,0.006235248095498752,0.9937605696868129,4.040204527491832e-06,1.2046842289656774,2.0,4.0,1.1
Lahore,2029,5,3,4.29372183757956e-10,6.431772946480796e-11,1.851126664784223e-06,0.9999981483796453,1.7761533835051377,2.0,4.0,1.1
Lahore,2029,6,3,3.827471599716658e-11,7.467061445820035e-12,4.307152041058598e-08,0.9999999568827379,1.8622152523007562,2.0,4.0,1.1
Lahore,2029,7,3,1.2803640432089876e-11,3.103214624233843e-11,3.113943885588414e-08,0.9999999688167255,1.555096598751544,2.0,4.0,1.1
Lahore,2029,8,3,9.236441568212639e-11,6.473986065360063e-10,8.226778260020934e-06,0.999991772481977,1.4996645378903322,2.0,4.0,1.1
Lahore,2029,9,3,5.243049757154261e-10,2.2362096281917883e-08,0.001401048848680056,0.9985989282649188,1.4431840027322458,2.0,4.0,1.1
Lahore,2029,10,1,4.053071857667346e-06,0.9490263112310613,0.05000334765512823,0.0009662880419528256,1.0820437609183622,2.0,4.0,1.1
Lahore,2029,11,0,0.9932902555387303,0.006690301095291264,8.370113691552029e-06,1.1073252287065314e-05,0.4217898283784385,2.0,4.0,1.1
Lahore,2029,12,0,0.9999979229449215,1.5966868821020973e-06,3.664487515741901e-08,4.437233212545539e-07,-0.1532938985443255,2.0,4.0,1.1
Multan,2024,1,0,0.999999962158631,3.2961414300134266e-08,1.3433439755537853e-09,3.536610558678818e-09,-0.45447287695449606,2.0,4.0,1.1
Multan,2024,2,0,0.9999999516792487,3.3000115577529495e-08,1.95135059878552e-09,1.3369285328115328e-08,-0.033587568178096015,2.0,4.0,1.1
Multan,2024,3,1,0.028511049150181034,0.9714863730309535,1.0333717174490862e-06,1.544447148166553e-06,0.563506158069459,2.0,4.0,1.1
Multan,2024,4,2,7.52092849880992e-07,6.174505468505104e-05,0.9693831141954647,0.030554388657000175,1.22453685457006,2.0,4.0,1.1
Multan,2024,5,3,1.0938351917045245e-10,1.6881230794822108e-11,6.557461473414707e-08,0.9999999342991205,1.8274524026694587,2.0,4.0,1.1
Multan,2024,6,3,1.9461033946688364e-11,3.5913981968730493e-12,2.600617124836837e-09,0.9999999973763305,1.9792959546607576,2.0,4.0,1.1
Multan,2024,7,3,1.035563111475349e-11,2.3293864900358195e-12,3.070156807975499e-09,0.9999999969171582,1.7865020602978823,2.0,4.0,1.1
Multan,2024,8,3,1.5643842749197658e-11,7.458154130720874e-12,5.991300845216909e-08,0.9999999400638895,1.6494687241826105,2.0,4.0,1.1
Multan,2024,9,3,7.86074190050483e-10,5.104269535360393e-09,7.852250317805094e-06,0.9999921418593385,1.5112545417133214,2.0,4.0,1.1
Multan,2024,10,2,1.7082410843546412e-06,0.21233419589919164,0.7839754849360947,0.003688610923629437,1.058889515510666,2.0,4.0,1.1
Multan,2024,11,1,0.05544539970965557,0.9444889337275938,2.772692168892924e-05,3.7939641061768974e-05,0.3661206148556199,2.0,4.0,1.1
Multan,2024,12,0,0.9999991599114794,6.365407468340935e-07,2.225020382859329e-08,1.812975698865326e-07,-0.2340166653779495,2.0,4.0,1.1
Multan,2025,1,0,0.9999999436398043,4.444027935137892e-08,2.2586752165894244e-09,9.661241294182813e-09,-0.44047349117559403,2.0,4.0,1.1
Multan,2025,2,0,0.9999999580130081,2.983266866379601e-08,7.913336547790478e-09,4.2409866579229605e-09,-0.019588182399193983,2.0,4.0,1.1
Multan,2025,3,1,0.020855243431813577,0.9791429706739136,8.67842063143187e-07,9.180522095117464e-07,0.5775055438483611,2.0,4.0,1.1
Multan,2025,4,2,6.2600790976599e-07,8.339645332428487e-05,0.96832852652315,0.03158745101561603,1.238536240348962,2.0,4.0,1.1
Multan,2025,5,3,1.588135943041141e-10,2.066117834297846e-11,1.0101120599757195e-07,0.9999998988093193,1.841451788448361,2.0,4.0,1.1
Multan,2025,6,3,2.7912043594452905e-11,5.580957093558461e-12,4.152331394425137e-09,0.9999999958141756,1.9932953404396598,2.0,4.0,1.1
Multan,2025,7,3,1.0355631114753518e-11,2.32675119122699e-12,3.0701568079755074e-09,0.9999999969171609,1.800501446076784,2.0,4.0,1.1
Multan,2025,8,3,1.944084557948105e-11,7.458154130692556e-12,5.991300845194161e-08,0.9999999400600925,1.6634681099615127,2.0,4.0,1.1
Multan,2025,9,3,7.86074190050483e-10,5.104269535360393e-09,7.852250317805094e-06,0.9999921418593385,1.5252539274922237,2.0,4.0,1.1
Multan,2025,10,2,1.7082410843546412e-06,0.21233419589919164,0.7839754849360947,0.003688610923629437,1.0728889012895682,2.0,4.0,1.1
Multan,2025,11,1,0.05544539970965557,0.9444889337275938,2.772692168892924e-05,3.7939641061768974e-05,0.38012000063452195,2.0,4.0,1.1
Multan,2025,12,0,0.9999991617582965,6.365407480096688e-07,2.0405283900235948e-08,1.812956715118553e-07,-0.22001727959904746,2.0,4.0,1.1
Multan,2026,1,0,0.9999999436398043,4.444027935137892e-08,2.2586752165894244e-09,9.661241294182813e-09,-0.426474105396692,2.0,4.0,1.1
Multan,2026,2,0,0.9999999587079583,2.8707769508958074e-08,8.343285599485309e-09,4.240986660870235e-09,-0.005588796620291953,2.0,4.0,1.1
Multan,2026,3,1,0.020855246113173565,0.9791430965623882,7.392721105096416e-07,9.18052327545778e-07,0.5915049296272631,2.0,4.0,1.1
Multan,2026,4,2,8.089031967490886e-07,0.00011287144321755498,0.9571348471199427,0.04275147253364304,1.252535626127864,2.0,4.0,1.1
Multan,2026,5,3,1.1582181669846349e-10,1.9275646221071364e-11,1.0101120600205454e-07,0.9999998988536964,1.8554511742272628,2.0,4.0,1.1
Multan,2026,6,3,2.7912043594452905e-11,5.580957093558461e-12,4.152331394425137e-09,0.9999999958141756,2.0072947262185616,2.0,4.0,1.1
Multan,2026,7,3,1.0355631116341385e-11,2.3267511915837594e-12,2.916823036462334e-09,0.9999999970704945,1.8145008318556863,2.0,4.0,1.1
Multan,2026,8,3,1.944084557948105e-11,7.458154130692556e-12,5.991300845194161e-08,0.9999999400600925,1.6774674957404145,2.0,4.0,1.1
Multan,2026,9,3,7.86074190050483e-10,5.104269535360393e-09,7.852250317805094e-06,0.9999921418593385,1.5392533132711255,2.0,4.0,1.1
Multan,2026,10,2,1.7082410843546412e-06,0.21233419589919164,0.7839754849360947,0.003688610923629437,1.08688828706847,2.0,4.0,1.1
Multan,2026,11,1,0.05716756235647852,0.9427660288018612,2.858813414468041e-05,3.7820707515600496e-05,0.394119386413424,2.0,4.0,1.1
Multan,2026,12,0,0.9999990069976115,7.913014644955643e-07,2.0405280742297588e-08,1.8129564345438946e-07,-0.20601789382014543,2.0,4.0,1.1
Multan,2027,1,0,0.9999999464134628,4.1666620731881885e-08,2.2586752228542187e-09,9.6612413209798e-09,-0.4124747196177901,2.0,4.0,1.1
Multan,2027,2,0,0.9999999422349044,4.410581737574532e-08,9.056007245554103e-09,4.603271153933458e-09,0.008410589158609965,2.0,4.0,1.1
Multan,2027,3,1,0.020855246113173565,0.9791430965623882,7.392721105096416e-07,9.18052327545778e-07,0.605504315406165,2.0,4.0,1.1
Multan,2027,4,2,7.341984201690249e-07,0.0001024474073357285,0.9610935799842021,0.03880323841004225,1.266535011906766,2.0,4.0,1.1
Multan,2027,5,3,9.607592388079771e-11,1.927564622145198e-11,1.010112060040491e-07,0.9999998988734424,1.8694505600061646,2.0,4.0,1.1
Multan,2027,6,3,2.7912043594452905e-11,5.580957093558461e-12,4.152331394425137e-09,0.9999999958141756,2.0212941119974634,2.0,4.0,1.1
Multan,2027,7,3,1.0355631116135211e-11,2.3267511915374357e-12,2.936732224214754e-09,0.9999999970505853,1.8285002176345881,2.0,4.0,1.1
Multan,2027,8,3,1.944084557948105e-11,7.458154130692556e-12,5.991300845194161e-08,0.9999999400600925,1.6914668815193163,2.0,4.0,1.1
Multan,2027,9,3,7.860740748315579e-10,5.104268787201432e-09,7.998824295103495e-06,0.9999919952853621,1.5532526990500273,2.0,4.0,1.1
Multan,2027,10,2,1.7082410843546412e-06,0.21233419589919164,0.7839754849360947,0.003688610923629437,1.100887672847372,2.0,4.0,1.1
Multan,2027,11,1,0.05716756235647852,0.9427660288018612,2.858813414468041e-05,3.7820707515600496e-05,0.4081187721923259,2.0,4.0,1.1
Multan,2027,12,0,0.9999988233376434,7.913013191650184e-07,2.0405276994660657e-08,3.6495576045962457e-07,-0.1920185080412435,2.0,4.0,1.1
Multan,2028,1,0,0.999999946417264,4.166662073204027e-08,2.25487398842853e-09,9.661241321016524e-09,-0.39847533383888534,2.0,4.0,1.1
Multan,2028,2,0,0.9999999401844286,4.6156293034476296e-08,9.056007226984978e-09,4.603271144494562e-09,0.02240997493751466,2.0,4.0,1.1
Multan,2028,3,1,0.02085524612638002,0.9791430971824245,7.386388673158487e-07,9.180523281271289e-07,0.6195037011850696,2.0,4.0,1.1
Multan,2028,4,2,6.101030080467865e-07,8.513157978157036e-05,0.9677174990545604,0.0321967592626501,1.2805343976856705,2.0,4.0,1.1
Multan,2028,5,3,9.613048971634066e-11,1.9275059015411384e-11,1.0106857480813801e-07,0.9999998988160197,1.8834499457850693,2.0,4.0,1.1
Multan,2028,6,3,2.791204350909974e-11,5.580957076492267e-12,7.21026446596472e-09,0.9999999927562424,2.0352934977763684,2.0,4.0,1.1
Multan,2028,7,3,1.0355631116135211e-11,2.3267511915374357e-12,2.936732224214754e-09,0.9999999970505853,1.8424996034134926,2.0,4.0,1.1
Multan,2028,8,3,1.944084557948105e-11,7.458154130692556e-12,5.991300845194161e-08,0.9999999400600925,1.705466267298221,2.0,4.0,1.1
Multan,2028,9,3,7.860740748315579e-10,5.104268787201432e-09,7.998824295103495e-06,0.9999919952853621,1.567252084828932,2.0,4.0,1.1
Multan,2028,10,2,1.7082410843546412e-06,0.21233419589919164,0.7839754849360947,0.003688610923629437,1.1148870586262767,2.0,4.0,1.1
Multan,2028,11,1,0.05716756235647852,0.9427660288018612,2.858813414468041e-05,3.7820707515600496e-05,0.4221181579712306,2.0,4.0,1.1
Multan,2028,12,0,0.9999987735833917,8.151383564490889e-07,2.1019962370171967e-08,3.902582893340828e-07,-0.17801912226233887,2.0,4.0,1.1
Multan,2029,1,0,0.999999946417264,4.166662073204027e-08,2.25487398842853e-09,9.661241321016524e-09,-0.38447594805998353,2.0,4.0,1.1
Multan,2029,2,0,0.9999999399908139,4.615629302553976e-08,9.249621838382286e-09,4.603271143603301e-09,0.036409360716416574,2.0,4.0,1.1
Multan,2029,3,1,0.02085524612638002,0.9791430971824245,7.386388673158487e-07,9.180523281271289e-07,0.6335030869639716,2.0,4.0,1.1
Multan,2029,4,2,6.101030080467865e-07,8.513157978157036e-05,0.9677174990545604,0.0321967592626501,1.2945337834645725,2.0,4.0,1.1
Multan,2029,5,3,9.61304915417949e-11,1.927505938143197e-11,8.207923980483982e-08,0.9999999178053546,1.8974493315639713,2.0,4.0,1.1
Multan,2029,6,3,2.7912043509127092e-11,4.6012460407823695e-12,7.210264465971785e-09,0.9999999927572223,2.04929288355527,2.0,4.0,1.1
Multan,2029,7,3,1.0355631116135211e-11,2.3267511915374357e-12,2.936732224214754e-09,0.9999999970505853,1.8564989891923946,2.0,4.0,1.1
Multan,2029,8,3,1.944084557948105e-11,7.458154130692556e-12,5.991300845194161e-08,0.9999999400600925,1.719465653077123,2.0,4.0,1.1
Multan,2029,9,3,7.860740748315579e-10,5.104268787201432e-09,7.998824295103495e-06,0.9999919952853621,1.581251470607834,2.0,4.0,1.1
Multan,2029,10,2,1.7082410843546412e-06,0.21233419589919164,0.7839754849360947,0.003688610923629437,1.1288864444051785,2.0,4.0,1.1
Multan,2029,11,1,0.2614842731007657,0.7382119730399965,0.00013076204700692112,0.00017299181223095708,0.4361175437501325,2.0,4.0,1.1
Multan,2029,12,0,0.9999979266423038,1.66581513426582e-06,2.101994456748034e-08,3.865226171953864e-07,-0.1640197364834369,2.0,4.0,1.1
Peshawar,2024,1,0,0.9999999699864803,2.525311136633699e-08,2.528197094559372e-09,2.2322113328176762e-09,-0.6399149348745804,2.0,4.0,1.1
Peshawar,2024,2,0,0.9999999611402386,3.4091356603435184e-08,1.6406334731207644e-09,3.1277713356840185e-09,-0.3246310661060013,2.0,4.0,1.1
Peshawar,2024,3,0,0.9999262019142878,7.376749710489276e-05,6.360429210144897e-09,2.422817804344799e-08,0.1989683926432258,2.0,4.0,1.1
Peshawar,2024,4,1,2.3648866407245882e-06,0.9999973574023966,1.123613037961704e-07,1.653496587870703e-07,0.8782979284548146,2.0,4.0,1.1
Peshawar,2024,5,3,1.009925894239554e-09,9.904626992190049e-09,0.0002615256253990953,0.9997384634600479,1.4693877774600579,2.0,4.0,1.1
Peshawar,2024,6,3,6.890231518078238e-12,3.808146297388298e-12,3.135192840709998e-09,0.9999999968541087,1.8140334716038824,2.0,4.0,1.1
Peshawar,2024,7,3,1.5410835453168587e-11,2.5006855365914642e-12,1.5532793867898616e-08,0.9999999844492946,1.6215119930770072,2.0,4.0,1.1
Peshawar,2024,8,3,1.7410749096799513e-11,6.898930700191424e-11,1.4046019225297476e-07,0.9999998594534076,1.474652747615985,2.0,4.0,1.1
Peshawar,2024,9,3,3.550509036546145e-09,3.136507834366903e-08,0.015460590500422406,0.9845393745839903,1.31470238067293,2.0,4.0,1.1
Peshawar,2024,10,1,0.00010792041815038484,0.9991495040260031,0.0003019874624368184,0.0004405880934096941,0.7996817466209661,2.0,4.0,1.1
Peshawar,2024,11,0,0.9987234980798846,0.001271474036833047,1.7237392249126697e-07,4.855509360021296e-06,0.1117175041540003,2.0,4.0,1.1
Peshawar,2024,12,0,0.9999998679833361,1.231440649495527e-07,1.7795716066473388e-09,7.093027472388706e-09,-0.42020747419662535,2.0,4.0,1.1
Peshawar,2025,1,0,0.9999999506848953,3.5308160460581e-08,7.105089370746882e-09,6.901854894666874e-09,-0.6259155490956784,2.0,4.0,1.1
Peshawar,2025,2,0,0.9999999649204722,2.5736821325946427e-08,6.662916425837793e-09,2.679790091655626e-09,-0.31063168032709926,2.0,4.0,1.1
Peshawar,2025,3,0,0.9999223057653576,7.765909650441172e-05,1.0618605011201824e-08,2.4519533139646928e-08,0.21296777842212783,2.0,4.0,1.1
Peshawar,2025,4,1,1.944425508100091e-05,0.9999791888612638,6.735020030869177e-07,6.933816521893167e-07,0.8922973142337166,2.0,4.0,1.1
Peshawar,2025,5,3,1.8001651710013642e-09,1.4503853870437007e-08,0.0002972702052527287,0.9997027134907283,1.4833871632389601,2.0,4.0,1.1
Peshawar,2025,6,3,6.908863455817415e-12,3.368161174174675e-12,2.8536893159982786e-09,0.9999999971360336,1.8280328573827846,2.0,4.0,1.1
Peshawar,2025,7,3,1.5409936463444207e-11,2.5005396593216607e-12,1.4711378132976232e-08,0.9999999852707113,1.6355113788559095,2.0,4.0,1.1
Peshawar,2025,8,3,1.7410749096799513e-11,6.898930700191424e-11,1.4046019225297476e-07,0.9999998594534076,1.4886521333948868,2.0,4.0,1.1
Peshawar,2025,9,3,3.550509036546145e-09,3.136507834366903e-08,0.015460590500422406,0.9845393745839903,1.328701766451832,2.0,4.0,1.1
Peshawar,2025,10,1,0.00010792041815038484,0.9991495040260031,0.0003019874624368184,0.0004405880934096941,0.8136811323998682,2.0,4.0,1.1
Peshawar,2025,11,0,0.9987234981341866,0.0012714740369021787,1.7231955106007204e-07,4.855509360285296e-06,0.1257168899329023,2.0,4.0,1.1
Peshawar,2025,12,0,0.9999998657840627,1.231440646787252e-07,1.7761019883318212e-09,9.295770668057152e-09,-0.4062080884177233,2.0,4.0,1.1
Peshawar,2026,1,0,0.9999999496677793,3.5308160424668504e-08,7.072485408489277e-09,7.951575074001818e-09,-0.6119161633167763,2.0,4.0,1.1
Peshawar,2026,2,0,0.9999999664756343,2.5736821365971358e-08,5.107754231932282e-09,2.6797900958231345e-09,-0.29663229454819723,2.0,4.0,1.1
Peshawar,2026,3,0,0.999922305801238,7.765909650719837e-05,1.0582721772913538e-08,2.4519533140526767e-08,0.22696716420102983,2.0,4.0,1.1
Peshawar,2026,4,1,1.944425406357933e-05,0.9999791365373047,6.735019678458932e-07,7.457066638483419e-07,0.9062967000126186,2.0,4.0,1.1
Peshawar,2026,5,3,1.905925691046891e-09,1.4636840763324004e-08,0.00030427265743570897,0.9996957107997979,1.497386549017862,2.0,4.0,1.1
Peshawar,2026,6,3,6.050329381519901e-12,2.9496145992933856e-12,2.499073896123343e-09,0.9999999974919263,1.8420322431616865,2.0,4.0,1.1
Peshawar,2026,7,3,1.5409936463444207e-11,2.5005396593216607e-12,1.4711378132976232e-08,0.9999999852707113,1.6495107646348113,2.0,4.0,1.1
Peshawar,2026,8,3,1.7410749096799513e-11,6.898930700191424e-11,1.4046019225297476e-07,0.9999998594534076,1.502651519173789,2.0,4.0,1.1
Peshawar,2026,9,3,3.550509036546145e-09,3.136507834366903e-08,0.015460590500422406,0.9845393745839903,1.3427011522307342,2.0,4.0,1.1
Peshawar,2026,10,1,0.00010792041815038484,0.9991495040260031,0.0003019874624368184,0.0004405880934096941,0.8276805181787701,2.0,4.0,1.1
Peshawar,2026,11,0,0.9987234981341866,0.0012714740369021787,1.7231955106007204e-07,4.855509360285296e-06,0.1397162757118043,2.0,4.0,1.1
Peshawar,2026,12,0,0.9999998657840627,1.231440646787252e-07,1.7761019883318212e-09,9.295770668057152e-09,-0.3922087026388213,2.0,4.0,1.1
Peshawar,2027,1,0,0.9999999503248542,3.530816044786862e-08,6.4154103203767564e-09,7.9515750792266e-09,-0.5979167775378744,2.0,4.0,1.1
Peshawar,2027,2,0,0.9999999664756343,2.5736821365971358e-08,5.107754231932282e-09,2.6797900958231345e-09,-0.2826329087692953,2.0,4.0,1.1
Peshawar,2027,3,0,0.9999183354193224,8.162947856216189e-05,1.0582679752201628e-08,2.451943578105154e-08,0.24096654997993175,2.0,4.0,1.1
Peshawar,2027,4,1,2.0363432765167884e-05,0.9999781502690486,7.053400965957889e-07,7.809580898377773e-07,0.9202960857915206,2.0,4.0,1.1
Peshawar,2027,5,3,1.90589753419423e-09,1.4636624528572182e-08,0.0003190414836458135,0.9996809419738321,1.5113859347967638,2.0,4.0,1.1
Peshawar,2027,6,3,1.4305311373875444e-11,2.9496145992690363e-12,2.4990738961027126e-09,0.9999999974836711,1.8560316289405883,2.0,4.0,1.1
Peshawar,2027,7,3,1.5409936463444207e-11,2.5005396593216607e-12,1.4711378132976232e-08,0.9999999852707113,1.663510150413713,2.0,4.0,1.1
Peshawar,2027,8,3,1.7410749096799513e-11,6.898930700191424e-11,1.4046019225297476e-07,0.9999998594534076,1.5166509049526908,2.0,4.0,1.1
Peshawar,2027,9,3,3.527355703029991e-09,3.116054256804467e-08,0.021880900679414495,0.9781190646326872,1.356700538009636,2.0,4.0,1.1
Peshawar,2027,10,1,0.00010792041815038484,0.9991495040260031,0.0003019874624368184,0.0004405880934096941,0.8416799039576721,2.0,4.0,1.1
Peshawar,2027,11,0,0.9987233846819026,0.0012714738924661723,2.859168226711731e-07,4.855508808712586e-06,0.15371566149070623,2.0,4.0,1.1
Peshawar,2027,12,0,0.9999998657840627,1.231440646787252e-07,1.7761019883318212e-09,9.295770668057152e-09,-0.3782093168599194,2.0,4.0,1.1
Peshawar,2028,1,0,0.9999999526619956,3.297101897082435e-08,6.415410335370478e-09,7.951575097810556e-09,-0.5839173917589698,2.0,4.0,1.1
Peshawar,2028,2,0,0.9999999646481045,2.7139825011103372e-08,5.386195679846067e-09,2.8258747742364368e-09,-0.26863352299039067,2.0,4.0,1.1
Peshawar,2028,3,0,0.9999118607779975,8.810412011439142e-05,1.0582611227549938e-08,2.4519277013533686e-08,0.25496593575883647,2.0,4.0,1.1
Peshawar,2028,4,1,2.0363436251786938e-05,0.9999783214849193,5.341206055862818e-07,7.809582235531184e-07,0.9342954715704251,2.0,4.0,1.1
Peshawar,2028,5,3,1.90589753419423e-09,1.4636624528572182e-08,0.0003190414836458135,0.9996809419738321,1.5253853205756684,2.0,4.0,1.1
Peshawar,2028,6,3,1.4065186001705853e-11,2.9001031077051647e-12,2.4571250678879882e-09,0.9999999975259097,1.870031014719493,2.0,4.0,1.1
Peshawar,2028,7,3,1.5329711843923438e-11,2.5005396593218618e-12,1.4711378132977415e-08,0.9999999852707917,1.6775095361926178,2.0,4.0,1.1
Peshawar,2028,8,3,1.7410749099630545e-11,6.898930701313209e-11,1.4029758966084994e-07,0.9999998596160102,1.5306502907315955,2.0,4.0,1.1
Peshawar,2028,9,3,2.30012891600327e-09,3.1102866407879525e-08,0.023691337444031887,0.9763086291529729,1.3706999237885404,2.0,4.0,1.1
Peshawar,2028,10,1,0.00010792041815038484,0.9991495040260031,0.0003019874624368184,0.0004405880934096941,0.8556792897365767,2.0,4.0,1.1
Peshawar,2028,11,0,0.9987210680123353,0.0012714709431161147,2.6055470030082664e-06,4.855497545724592e-06,0.16771504726961092,2.0,4.0,1.1
Peshawar,2028,12,0,0.9999998592058003,1.231440638686511e-07,1.7760987655290832e-09,1.5874037279139402e-08,-0.36420993108101474,2.0,4.0,1.1
Peshawar,2029,1,0,0.9999999513511001,3.2971018927602784e-08,7.726305967936316e-09,7.951575087386871e-09,-0.5699180059800678,2.0,4.0,1.1
Peshawar,2029,2,0,0.9999999646481045,2.7139825011103372e-08,5.386195679846067e-09,2.8258747742364368e-09,-0.25463413721148864,2.0,4.0,1.1
Peshawar,2029,3,0,0.9999191668148166,8.079808303878754e-05,1.0582688551312466e-08,2.4519456168064865e-08,0.2689653215377384,2.0,4.0,1.1
Peshawar,2029,4,1,2.0363436251786938e-05,0.9999783214849193,5.341206055862818e-07,7.809582235531184e-07,0.9482948573493272,2.0,4.0,1.1
Peshawar,2029,5,3,3.1662514218395926e-09,2.4315700289793805e-08,0.000559488725714335,0.9994404837923339,1.5393847063545705,2.0,4.0,1.1
Peshawar,2029,6,3,1.9673194161093787e-11,4.0564192694042825e-12,3.99751854377122e-09,0.9999999959787518,1.884030400498395,2.0,4.0,1.1
Peshawar,2029,7,3,1.527444383258527e-11,2.6153933029664067e-12,1.4711378132976536e-08,0.999999985270732,1.6915089219715198,2.0,4.0,1.1
Peshawar,2029,8,3,1.7410749176488794e-11,6.898930731767942e-11,1.3588317676221062e-07,0.9999998640304232,1.5446496765104973,2.0,4.0,1.1
Peshawar,2029,9,3,2.300128914621809e-09,3.1703467956478686e-08,0.023691337429802835,0.9763086285666004,1.3846993095674425,2.0,4.0,1.1
Peshawar,2029,10,1,0.00010792041815038484,0.9991495040260031,0.0003019874624368184,0.0004405880934096941,0.8696786755154787,2.0,4.0,1.1
Peshawar,2029,11,0,0.9986664330448216,0.0013262111751252458,2.562035990477637e-06,4.7937440628366105e-06,0.18171443304851284,2.0,4.0,1.1
Peshawar,2029,12,0,0.9999998592058003,1.231440638686511e-07,1.7760987655290832e-09,1.5874037279139402e-08,-0.3502105453021127,2.0,4.0,1.1
Quetta,2024,1,0,0.9999999480069128,4.481651179232016e-08,2.6692623571433406e-09,4.507312880690005e-09,-1.260667131883117,2.0,4.0,1.1
Quetta,2024,2,0,0.9999999391407003,5.5502630323566856e-08,1.8153308755240024e-09,3.5413385052150483e-09,-0.9558906678978927,2.0,4.0,1.1
Quetta,2024,3,0,0.9999413010660877,5.859040132081805e-05,5.595354888232933e-08,5.257904275655626e-08,-0.26382299943230153,2.0,4.0,1.1
Quetta,2024,4,0,0.9987821706966923,0.0012170466349206007,1.5395159683303175e-07,6.287167902306553e-07,0.3289557215513566,2.0,4.0,1.1
Quetta,2024,5,1,1.0198395654890518e-05,0.9999637348096313,4.6065342461019216e-06,2.1460260467588925e-05,0.9072294203076856,2.0,4.0,1.1
Quetta,2024,6,3,4.110357494984244e-08,5.315533919735307e-07,0.20187370482659517,0.798125722516438,1.3469963896252724,2.0,4.0,1.1
Quetta,2024,7,3,3.904881231320669e-09,4.0353242160371655e-08,0.013822968386328531,0.986176987355548,1.4302404093217063,2.0,4.0,1.1
Quetta,2024,8,2,1.9359312177359037e-07,3.806395567867623e-06,0.9789150028518531,0.021080997159457337,1.282081381337482,2.0,4.0,1.1
Quetta,2024,9,1,0.00025743250808353394,0.9537445408813451,0.006898940580615211,0.03909908602995603,0.9074190531418921,2.0,4.0,1.1
Quetta,2024,10,0,0.6894743178003683,0.31019814044729804,0.0001321682989383581,0.00019537345339532366,0.25969405366326864,2.0,4.0,1.1
Quetta,2024,11,0,0.999993491571108,6.484704234866365e-06,8.062496787561142e-09,1.566216039386142e-08,-0.4199167861736604,2.0,4.0,1.1
Quetta,2024,12,0,0.9999999629602645,2.7364653601492504e-08,2.5595795682532567e-09,7.1155023894963746e-09,-0.9823786897253122,2.0,4.0,1.1
Quetta,2025,1,0,0.999999919116607,6.957092229385146e-08,4.187787863836692e-09,7.124682956544708e-09,-1.2466677461042153,2.0,4.0,1.1
Quetta,2025,2,0,0.9999999518112833,4.057534149886102e-08,3.1344633423317915e-09,4.4789116935377415e-09,-0.9418912821189906,2.0,4.0,1.1
Quetta,2025,3,0,0.9999680269836293,3.192033828693233e-05,3.1673849827980335e-08,2.1004233993078605e-08,-0.24982361365339953,2.0,4.0,1.1
Quetta,2025,4,0,0.9989551843519846,0.0010440653171909797,1.9450307191167816e-07,5.558277525584051e-07,0.34295510733025864,2.0,4.0,1.1
Quetta,2025,5,1,1.037402917895802e-05,0.9999671465893166,3.718113076675993e-06,1.876126842767592e-05,0.9212288060865876,2.0,4.0,1.1
Quetta,2025,6,3,1.7788389623924176e-08,4.0995676686572926e-07,0.15456319629711382,0.8454363759577298,1.3609957754041742,2.0,4.0,1.1
Quetta,2025,7,3,3.904881231320669e-09,4.0353242160371655e-08,0.013822968386328531,0.986176987355548,1.4442397951006085,2.0,4.0,1.1
Quetta,2025,8,2,1.9137264933861206e-07,3.8063955763196204e-06,0.9789150050255071,0.021080997206267115,1.296080767116384,2.0,4.0,1.1
Quetta,2025,9,1,0.00025743250808353394,0.9537445408813451,0.006898940580615211,0.03909908602995603,0.9214184389207941,2.0,4.0,1.1
Quetta,2025,10,0,0.6894743178003683,0.31019814044729804,0.0001321682989383581,0.00019537345339532366,0.27369343944217067,2.0,4.0,1.1
Quetta,2025,11,0,0.999993491571108,6.484704234866365e-06,8.062496787561142e-09,1.566216039386142e-08,-0.4059174003947584,2.0,4.0,1.1
Quetta,2025,12,0,0.9999999629602645,2.7364653601492504e-08,2.5595795682532567e-09,7.1155023894963746e-09,-0.9683793039464101,2.0,4.0,1.1
Quetta,2026,1,0,0.9999999126226736,6.957092184206248e-08,9.872428813661806e-09,7.933975754654985e-09,-1.232668360325313,2.0,4.0,1.1
Quetta,2026,2,0,0.9999999514732886,4.057534148514677e-08,3.1344633412723592e-09,4.8169063310919856e-09,-0.9278918963400888,2.0,4.0,1.1
Quetta,2026,3,0,0.9999612028828017,3.874562441139017e-05,2.599737539639219e-08,2.549541154699933e-08,-0.2358242278744975,2.0,4.0,1.1
Quetta,2026,4,0,0.9982413377346716,0.001757765092832183,2.6783518009880134e-07,6.293373161883335e-07,0.35695449310916066,2.0,4.0,1.1
Quetta,2026,5,1,1.1264383526447255e-05,0.999964180227817,4.183928410520591e-06,2.0371460246190892e-05,0.9352281918654897,2.0,4.0,1.1
Quetta,2026,6,3,1.8736989275834573e-08,4.337593877011308e-07,0.16280557221226727,0.8371939752913558,1.3749951611830764,2.0,4.0,1.1
Quetta,2026,7,3,8.905918127709251e-09,4.037273721082728e-08,0.013346531508096917,0.9866534192132478,1.4582391808795103,2.0,4.0,1.1
Quetta,2026,8,2,1.9137264892281582e-07,3.808568272811816e-06,0.978915002898614,0.021080997160464333,1.3100801528952863,2.0,4.0,1.1
Quetta,2026,9,1,0.0002446319453680142,0.9063205892560332,0.006555897962453897,0.08687888083614494,0.9354178246996961,2.0,4.0,1.1
Quetta,2026,10,0,0.6894743212865686,0.310198142015758,0.00013216829960664283,0.00019536839806670798,0.28769282522107265,2.0,4.0,1.1
Quetta,2026,11,0,0.999993491571108,6.484704234866365e-06,8.062496787561142e-09,1.566216039386142e-08,-0.39191801461585635,2.0,4.0,1.1
Quetta,2026,12,0,0.9999999657750348,2.7364653678517717e-08,2.5478341331268352e-09,4.312477596729594e-09,-0.9543799181675083,2.0,4.0,1.1
Quetta,2027,1,0,0.9999999126226736,6.957092184206248e-08,9.872428813661806e-09,7.933975754654985e-09,-1.2186689745464112,2.0,4.0,1.1
Quetta,2027,2,0,0.999999951476349,4.0573296741733336e-08,3.1343053839259235e-09,4.816048775194057e-09,-0.9138925105611868,2.0,4.0,1.1
Quetta,2027,3,0,0.9999229492356181,7.696118047587342e-05,4.5232894700533244e-08,4.4351011237038125e-08,-0.22182484209559558,2.0,4.0,1.1
Quetta,2027,4,0,0.9980848652188826,0.001914237871167066,2.6767128157426965e-07,6.292386687075877e-07,0.3709538788880626,2.0,4.0,1.1
Quetta,2027,5,1,6.65342019752182e-06,0.9999711878378224,3.0426272753633854e-06,1.9116114704507636e-05,0.9492275776443915,2.0,4.0,1.1
Quetta,2027,6,3,1.8736989275834573e-08,4.337593877011308e-07,0.16280557221226727,0.8371939752913558,1.3889945469619782,2.0,4.0,1.1
Quetta,2027,7,3,1.3939702941846406e-08,6.319213309598618e-08,0.02141218403764242,0.9785877388305215,1.4722385666584121,2.0,4.0,1.1
Quetta,2027,8,2,1.9137315115613768e-07,3.808578267917731e-06,0.978917571937275,0.021078428111305825,1.3240795386741882,2.0,4.0,1.1
Quetta,2027,9,1,0.0002446319453680142,0.9063205892560332,0.006555897962453897,0.08687888083614494,0.9494172104785981,2.0,4.0,1.1
Quetta,2027,10,0,0.6894743212865686,0.310198142015758,0.00013216829960664283,0.00019536839806670798,0.30169221099997456,2.0,4.0,1.1
Quetta,2027,11,0,0.999993491571108,6.484704234866365e-06,8.062496787561142e-09,1.566216039386142e-08,-0.37791862883695443,2.0,4.0,1.1
Quetta,2027,12,0,0.9999999660129864,2.7364653685029183e-08,2.3098824014314805e-09,4.312477597755756e-09,-0.9403805323886063,2.0,4.0,1.1
Quetta,2028,1,0,0.9999999126226736,6.957092184206248e-08,9.872428813661806e-09,7.933975754654985e-09,-1.2046695887675067,2.0,4.0,1.1
Quetta,2028,2,0,0.9999999338858557,5.528167698561569e-08,4.270534359369557e-09,6.561932948953485e-09,-0.8998931247822822,2.0,4.0,1.1
Quetta,2028,3,0,0.999926957252941,7.296100204165487e-05,4.1274866447263824e-08,4.0470150710656566e-08,-0.20782545631669083,2.0,4.0,1.1
Quetta,2028,4,0,0.9969694567501076,0.003029320939506168,4.818750321090573e-07,7.404353541150929e-07,0.3849532646669673,2.0,4.0,1.1
Quetta,2028,5,1,6.5742985789755e-06,0.9999717387156776,3.0891848882768237e-06,1.8597800855289462e-05,0.9632269634232963,2.0,4.0,1.1
Quetta,2028,6,3,1.939308131403394e-08,5.750914879008633e-07,0.1334903522501794,0.8665090532652514,1.4029939327408827,2.0,4.0,1.1
Quetta,2028,7,3,1.369644241149381e-08,6.208937273766499e-08,0.022074218068748055,0.9779257061454367,1.4862379524373168,2.0,4.0,1.1
Quetta,2028,8,2,3.096255309969155e-07,6.161956687358033e-06,0.953856007767521,0.04613752065026071,1.3380789244530926,2.0,4.0,1.1
Quetta,2028,9,1,0.0002446319453680142,0.9063205892560332,0.006555897962453897,0.08687888083614494,0.9634165962575026,2.0,4.0,1.1
Quetta,2028,10,0,0.6910700075973099,0.30860155338850787,0.00013253240426892588,0.00019590660991335024,0.31569159677887926,2.0,4.0,1.1
Quetta,2028,11,0,0.9999936601573824,6.316119639349205e-06,8.060815029688378e-09,1.5662163034303875e-08,-0.3639192430580498,2.0,4.0,1.1
Quetta,2028,12,0,0.999999965501242,2.7364653671025472e-08,2.8216267502869247e-09,4.312477595548869e-09,-0.9263811466097017,2.0,4.0,1.1
Quetta,2029,1,0,0.9999999129932551,6.957092186784418e-08,9.836375449826698e-09,7.599447440534118e-09,-1.1906702029886047,2.0,4.0,1.1
Quetta,2029,2,0,0.9999999338858557,5.528167698561569e-08,4.270534359369557e-09,6.561932948953485e-09,-0.8858937390033802,2.0,4.0,1.1
Quetta,2029,3,0,0.9999200283925285,7.98898681600143e-05,4.126944131543725e-08,4.0469870278147855e-08,-0.19382607053778902,2.0,4.0,1.1
Quetta,2029,4,0,0.9971763615278493,0.0028224154060355164,4.821729653810245e-07,7.408931498360416e-07,0.3989526504458692,2.0,4.0,1.1
Quetta,2029,5,1,6.5742985789755e-06,0.9999717387156776,3.0891848882768237e-06,1.8597800855289462e-05,0.9772263492021981,2.0,4.0,1.1
Quetta,2029,6,3,1.8699694838191194e-08,5.38353717680463e-07,0.1287174951983827,0.8712819477482049,1.4169933185197847,2.0,4.0,1.1
Quetta,2029,7,3,1.4848430321575387e-08,6.731161984311152e-08,0.019960619053851398,0.9800392987860984,1.5002373382162189,2.0,4.0,1.1
Quetta,2029,8,2,3.096255309969155e-07,6.161956687358033e-06,0.953856007767521,0.04613752065026071,1.3520783102319947,2.0,4.0,1.1
Quetta,2029,9,1,0.0002446319453680142,0.9063205892560332,0.006555897962453897,0.08687888083614494,0.9774159820364047,2.0,4.0,1.1
Quetta,2029,10,0,0.697338521739276,0.3023300459337085,0.00013374027218170025,0.00019769205483393426,0.3296909825577812,2.0,4.0,1.1
Quetta,2029,11,0,0.9999688364688973,3.104009027661963e-05,4.194387666103274e-08,8.149694939485843e-08,-0.34991985727914776,2.0,4.0,1.1
Quetta,2029,12,0,0.999999965501242,2.7364653671025472e-08,2.8216267502869247e-09,4.312477595548869e-09,-0.9123817608307997,2.0,4.0,1.1
Rawalpindi,2024,1,0,0.9999999726934731,2.4105121803194597e-08,1.5331196197808171e-09,1.6682854473038634e-09,-0.6786560834048408,2.0,4.0,1.1
Rawalpindi,2024,2,0,0.9999999633917163,3.4130520838120105e-08,9.188420083915715e-10,1.5589206632508308e-09,-0.3528802049682232,2.0,4.0,1.1
Rawalpindi,2024,3,0,0.9999274983927039,7.246185893562629e-05,1.5051891454243596e-08,2.4696469046720364e-08,0.2102830329244525,2.0,4.0,1.1
Rawalpindi,2024,4,1,2.87777751131023e-06,0.9999967633636777,1.6656842809975632e-07,1.9229038274665035e-07,0.843248591145316,2.0,4.0,1.1
Rawalpindi,2024,5,3,6.694332697092559e-09,2.045306637493717e-07,0.07889078360404267,0.921109005170961,1.4068605118338724,2.0,4.0,1.1
Rawalpindi,2024,6,3,7.593728492852044e-11,4.107866405356218e-11,2.694135600602739e-07,0.9999997304694239,1.6384305200803393,2.0,4.0,1.1
Rawalpindi,2024,7,3,2.0178808484451937e-10,1.8949299599459206e-09,2.8203163217419612e-05,0.9999717947400646,1.396720649991039,2.0,4.0,1.1
Rawalpindi,2024,8,3,2.0899431255793896e-09,9.772783275187153e-08,0.07181242838085182,0.9281874718013724,1.302689202111039,2.0,4.0,1.1
Rawalpindi,2024,9,2,5.845547145133581e-09,2.601550177747443e-06,0.999768394851931,0.00022899775234413078,1.2017898871478119,2.0,4.0,1.1
Rawalpindi,2024,10,1,7.163068944291924e-05,0.9994445687925534,0.0002922790851163645,0.0001915214328872591,0.7281645166240566,2.0,4.0,1.1
Rawalpindi,2024,11,0,0.9989877060788853,0.0010110452218882442,1.2618877515055423e-07,1.1225104514528405e-06,0.11798498043087419,2.0,4.0,1.1
Rawalpindi,2024,12,0,0.9999998399760767,1.5246669543346262e-07,1.8189203873509936e-09,5.7383075436695804e-09,-0.4054526352396133,2.0,4.0,1.1
Rawalpindi,2025,1,0,0.9999999643417977,3.134952682875774e-08,2.0628164391834416e-09,2.245859014072096e-09,-0.6646566976259388,2.0,4.0,1.1
Rawalpindi,2025,2,0,0.9999999660772112,2.5738118395972057e-08,5.484257775229479e-09,2.7004126849804778e-09,-0.33888081918932117,2.0,4.0,1.1
Rawalpindi,2025,3,0,0.9999261873903698,7.37674960334206e-05,2.098701468761369e-08,2.4126582214569934e-08,0.22428241870335452,2.0,4.0,1.1
Rawalpindi,2025,4,1,2.0698518318509238e-05,0.9999780530809048,6.407292217324422e-07,6.076715548775082e-07,0.8572479769242181,2.0,4.0,1.1
Rawalpindi,2025,5,3,1.0100616743921743e-08,2.528002820058413e-07,0.06571238343745685,0.9342873536616444,1.4208598976127742,2.0,4.0,1.1
Rawalpindi,2025,6,3,6.917179879658675e-11,3.733224879108187e-11,2.3128948544943914e-07,0.9999997686040105,1.652429905859241,2.0,4.0,1.1
Rawalpindi,2025,7,3,2.0178824958508904e-10,1.8949315069740386e-09,2.7386782390932533e-05,0.9999726111208893,1.4107200357699412,2.0,4.0,1.1
Rawalpindi,2025,8,3,2.0899431255793896e-09,9.772783275187153e-08,0.07181242838085182,0.9281874718013724,1.3166885878899408,2.0,4.0,1.1
Rawalpindi,2025,9,2,9.773485341225855e-09,4.349671963187479e-06,0.9996289197689492,0.00036672078560227693,1.2157892729267141,2.0,4.0,1.1
Rawalpindi,2025,10,1,7.16238426690751e-05,0.9993490375197779,0.00029225114780610366,0.00028708748974702966,0.7421639024029586,2.0,4.0,1.1
Rawalpindi,2025,11,0,0.9989108393279009,0.0010878304667302238,1.3433933089799643e-07,1.1958660378293314e-06,0.13198436620977622,2.0,4.0,1.1
Rawalpindi,2025,12,0,0.9999998308545486,1.6109449404340665e-07,1.9377542127081705e-09,6.113203026304366e-09,-0.39145324946071125,2.0,4.0,1.1
Rawalpindi,2026,1,0,0.999999964340447,3.13495268287154e-08,2.064167187867301e-09,2.2458590140690626e-09,-0.6506573118470368,2.0,4.0,1.1
Rawalpindi,2026,2,0,0.9999999660789207,2.5736821355761213e-08,5.483981402934031e-09,2.7002766010684893e-09,-0.32488143341041914,2.0,4.0,1.1
Rawalpindi,2026,3,0,0.9999261988207767,7.376749687667534e-05,9.489680453069559e-09,2.4192666138274297e-08,0.23828180448225653,2.0,4.0,1.1
Rawalpindi,2026,4,1,2.0285995516818483e-05,0.9999784732023883,6.452414731102348e-07,5.95560621695316e-07,0.8712473627031201,2.0,4.0,1.1
Rawalpindi,2026,5,3,1.0208702791802247e-08,2.5983705617094193e-07,0.06641556741152825,0.9335841625427128,1.4348592833916765,2.0,4.0,1.1
Rawalpindi,2026,6,3,6.385010882877007e-11,3.446011509897179e-11,2.134953705674867e-07,0.9999997864063191,1.6664292916381434,2.0,4.0,1.1
Rawalpindi,2026,7,3,2.0178824965221317e-10,1.562285102251666e-09,2.7386782400042647e-05,0.9999726114535266,1.424719421548843,2.0,4.0,1.1
Rawalpindi,2026,8,3,2.097465791251776e-09,9.807960012950073e-08,0.06847145479305651,0.9315284450298776,1.330687973668843,2.0,4.0,1.1
Rawalpindi,2026,9,2,6.861468609251493e-09,2.90242805144678e-06,0.9997396346371428,0.0002574560733371367,1.229788658705616,2.0,4.0,1.1
Rawalpindi,2026,10,1,7.16238426690751e-05,0.9993490375197779,0.00029225114780610366,0.00028708748974702966,0.7561632881818606,2.0,4.0,1.1
Rawalpindi,2026,11,0,0.9987060957328133,0.0012920769908407927,1.5956232494570762e-07,1.6677140207543336e-06,0.14598375198867822,2.0,4.0,1.1
Rawalpindi,2026,12,0,0.9999998308545486,1.6109449404340665e-07,1.9377542127081705e-09,6.113203026304366e-09,-0.3774538636818092,2.0,4.0,1.1
Rawalpindi,2027,1,0,0.9999999647408043,3.084613021437382e-08,2.1672064508589196e-09,2.2458590149682083e-09,-0.6366579260681349,2.0,4.0,1.1
Rawalpindi,2027,2,0,0.9999999673589128,2.5736821388704137e-08,4.203989277479871e-09,2.7002766045248217e-09,-0.3108820476315172,2.0,4.0,1.1
Rawalpindi,2027,3,0,0.9999252321101905,7.473445889248396e-05,8.921127793631176e-09,2.45097893999726e-08,0.25228119026115847,2.0,4.0,1.1
Rawalpindi,2027,4,1,2.2479434070032806e-05,0.9999760957985369,7.150086936579971e-07,7.097586993134563e-07,0.885246748482022,2.0,4.0,1.1
Rawalpindi,2027,5,3,1.0208702791802247e-08,2.5983705617094193e-07,0.06641556741152825,0.9335841625427128,1.4488586691705783,2.0,4.0,1.1
Rawalpindi,2027,6,3,6.075337738704874e-11,3.01779089521659e-11,1.86965244781982e-07,0.999999812943824,1.6804286774170452,2.0,4.0,1.1
Rawalpindi,2027,7,3,2.13878066539845e-10,1.5621872547891933e-09,2.738678239971423e-05,0.999972611441535,1.4387188073277448,2.0,4.0,1.1
Rawalpindi,2027,8,3,2.090983304560694e-09,9.777647256233948e-08,0.07135046308098797,0.9286494370515561,1.3446873594477449,2.0,4.0,1.1
Rawalpindi,2027,9,2,4.021206258887926e-09,2.6757240261849172e-06,0.9997599736646354,0.00023734659013235985,1.243788044484518,2.0,4.0,1.1
Rawalpindi,2027,10,1,7.161753241348305e-05,0.9993490948713452,0.0002922253996840956,0.00028706219655735875,0.7701626739607625,2.0,4.0,1.1
Rawalpindi,2027,11,0,0.9987060957328133,0.0012920769908407927,1.5956232494570762e-07,1.6677140207543336e-06,0.15998313776758014,2.0,4.0,1.1
Rawalpindi,2027,12,0,0.9999998314174776,1.6109449413409145e-07,1.937754213798989e-09,5.550273910164411e-09,-0.3634544779029073,2.0,4.0,1.1
Rawalpindi,2028,1,0,0.9999999627755469,2.7902299033413898e-08,7.076295155421659e-09,2.2458590105545173e-09,-0.6226585402892303,2.0,4.0,1.1
Rawalpindi,2028,2,0,0.9999999673589128,2.5736821388704137e-08,4.203989277479871e-09,2.7002766045248217e-09,-0.2968826618526126,2.0,4.0,1.1
Rawalpindi,2028,3,0,0.9999252321101905,7.473445889248396e-05,8.921127793631176e-09,2.45097893999726e-08,0.26628057604006317,2.0,4.0,1.1
Rawalpindi,2028,4,1,2.2479434276037887e-05,0.9999761049624757,7.058445423442214e-07,7.097587058177971e-07,0.8992461342609267,2.0,4.0,1.1
Rawalpindi,2028,5,3,1.0730036532143737e-08,2.731063056667439e-07,0.07319664448414138,0.9268030716795164,1.4628580549494827,2.0,4.0,1.1
Rawalpindi,2028,6,3,8.497668291392739e-11,4.221030517688139e-11,3.0417537810798005e-07,0.9999996956974349,1.6944280631959496,2.0,4.0,1.1
Rawalpindi,2028,7,3,2.2804379184855286e-10,1.6656551600780482e-09,2.1836887055669664e-05,0.9999781612192453,1.4527181931066495,2.0,4.0,1.1
Rawalpindi,2028,8,3,2.090983304560694e-09,9.777647256233948e-08,0.07135046308098797,0.9286494370515561,1.3586867452266493,2.0,4.0,1.1
Rawalpindi,2028,9,2,4.021206258887926e-09,2.6757240261849172e-06,0.9997599736646354,0.00023734659013235985,1.2577874302634227,2.0,4.0,1.1
Rawalpindi,2028,10,1,7.161753241348305e-05,0.9993490948713452,0.0002922253996840956,0.00028706219655735875,0.7841620597396673,2.0,4.0,1.1
Rawalpindi,2028,11,0,0.9987052758449302,0.0012920759301100397,1.5956219395299875e-07,2.488662765651702e-06,0.17398252354648483,2.0,4.0,1.1
Rawalpindi,2028,12,0,0.9999998370597954,1.5570279462328204e-07,1.872899182577923e-09,5.3645108318721086e-09,-0.34945509212400266,2.0,4.0,1.1
Rawalpindi,2029,1,0,0.9999999625877801,2.8043043225622795e-08,7.1119892551906015e-09,2.2571875255230166e-09,-0.6086591545103283,2.0,4.0,1.1
Rawalpindi,2029,2,0,0.9999999673589128,2.5736821388704137e-08,4.203989277479871e-09,2.7002766045248217e-09,-0.28288327607371055,2.0,4.0,1.1
Rawalpindi,2029,3,0,0.9999214112409021,7.85553283085523e-05,8.921093704619208e-09,2.4509695744268575e-08,0.2802799618189651,2.0,4.0,1.1
Rawalpindi,2029,4,1,2.2479434276037887e-05,0.9999761049624757,7.058445423442214e-07,7.097587058177971e-07,0.9132455200398285,2.0,4.0,1.1
Rawalpindi,2029,5,3,1.0730036668628165e-08,2.603864615909855e-07,0.07319664541519154,0.9268030834683102,1.4768574407283848,2.0,4.0,1.1
Rawalpindi,2029,6,3,2.009176413080725e-10,4.221030517198748e-11,3.041753780727137e-07,0.9999996955814939,1.7084274489748517,2.0,4.0,1.1
Rawalpindi,2029,7,3,2.2804405491709734e-10,1.6656570815575807e-09,2.068332440979348e-05,0.999979314781889,1.4667175788855515,2.0,4.0,1.1
Rawalpindi,2029,8,3,2.090983304560694e-09,9.777647256233948e-08,0.07135046308098797,0.9286494370515561,1.3726861310055514,2.0,4.0,1.1
Rawalpindi,2029,9,2,5.039720672788984e-09,2.675724023459653e-06,0.9997599726463653,0.0002373465898906189,1.2717868160423245,2.0,4.0,1.1
Rawalpindi,2029,10,1,7.161753241348305e-05,0.9993490948713452,0.0002922253996840956,0.00028706219655735875,0.7981614455185692,2.0,4.0,1.1
Rawalpindi,2029,11,0,0.9987033052058604,0.0012920733805938105,1.595618791058651e-07,4.461851666489472e-06,0.18798190932538675,2.0,4.0,1.1
Rawalpindi,2029,12,0,0.999999835397797,1.5570279436450419e-07,1.869247605144634e-09,7.030161120380172e-09,-0.33545570634510063,2.0,4.0,1.1
