time,city,ndvi
2000-02-01,Karachi,0.0988
2000-03-01,Karachi,0.1048
2000-04-01,Karachi,0.0964
2000-05-01,Karachi,0.1042
2000-06-01,Karachi,0.1095
2000-07-01,Karachi,0.10070000000000001
2000-08-01,Karachi,0.1092
2000-09-01,Karachi,0.10930000000000001
2000-10-01,Karachi,0.1111
2000-11-01,Karachi,0.1067
2000-12-01,Karachi,0.11080000000000001
2001-01-01,Karachi,0.11330000000000001
2001-02-01,Karachi,0.1114
2001-03-01,Karachi,0.1078
2001-04-01,Karachi,0.10250000000000001
2001-05-01,Karachi,0.10200000000000001
2001-06-01,Karachi,0.09970000000000001
2001-07-01,Karachi,0.0916
2001-08-01,Karachi,0.1014
2001-09-01,Karachi,0.11030000000000001
2001-10-01,Karachi,0.108
2001-11-01,Karachi,0.0993
2001-12-01,Karachi,0.111
2002-01-01,Karachi,0.09820000000000001
2002-02-01,Karachi,0.112
2002-03-01,Karachi,0.11620000000000001
2002-04-01,Karachi,0.1013
2002-05-01,Karachi,0.09820000000000001
2002-06-01,Karachi,0.1143
2002-07-01,Karachi,0.0994
2002-08-01,Karachi,0.11950000000000001
2002-09-01,Karachi,0.1158
2002-10-01,Karachi,0.10990000000000001
2002-11-01,Karachi,0.1194
2002-12-01,Karachi,0.10830000000000001
2003-01-01,Karachi,0.1121
2003-02-01,Karachi,0.11180000000000001
2003-03-01,Karachi,0.11810000000000001
2003-04-01,Karachi,0.114
2003-05-01,Karachi,0.0989
2003-06-01,Karachi,0.1013
2003-07-01,Karachi,0.08650000000000001
2003-08-01,Karachi,0.12250000000000001
2003-09-01,Karachi,0.12190000000000001
2003-10-01,Karachi,0.1092
2003-11-01,Karachi,0.10940000000000001
2003-12-01,Karachi,0.092
2004-01-01,Karachi,0.10740000000000001
2004-02-01,Karachi,0.1183
2004-03-01,Karachi,0.112
2004-04-01,Karachi,0.1168
2004-05-01,Karachi,0.1009
2004-06-01,Karachi,0.0971
2004-07-01,Karachi,0.1014
2004-08-01,Karachi,0.0989
2004-09-01,Karachi,0.101
2004-10-01,Karachi,0.1096
2004-11-01,Karachi,0.11520000000000001
2004-12-01,Karachi,0.1042
2005-01-01,Karachi,0.11030000000000001
2005-02-01,Karachi,0.1024
2005-03-01,Karachi,0.099
2005-04-01,Karachi,0.1066
2005-05-01,Karachi,0.0988
2005-06-01,Karachi,0.09390000000000001
2005-07-01,Karachi,0.0835
2005-08-01,Karachi,0.132
2005-09-01,Karachi,0.12150000000000001
2005-10-01,Karachi,0.1159
2005-11-01,Karachi,0.1109
2005-12-01,Karachi,0.1139
2006-01-01,Karachi,0.1062
2006-02-01,Karachi,0.10360000000000001
2006-03-01,Karachi,0.101
2006-04-01,Karachi,0.09480000000000001
2006-05-01,Karachi,0.1056
2006-06-01,Karachi,0.10010000000000001
2006-07-01,Karachi,0.109
2006-08-01,Karachi,0.1211
2006-09-01,Karachi,0.11860000000000001
2006-10-01,Karachi,0.1184
2006-11-01,Karachi,0.1114
2006-12-01,Karachi,0.11710000000000001
2007-01-01,Karachi,0.1168
2007-02-01,Karachi,0.1124
2007-03-01,Karachi,0.1109
2007-04-01,Karachi,0.11410000000000001
2007-05-01,Karachi,0.10740000000000001
2007-06-01,Karachi,0.1116
2007-07-01,Karachi,0.0937
2007-08-01,Karachi,0.1454
2007-09-01,Karachi,0.10650000000000001
2007-10-01,Karachi,0.1211
2007-11-01,Karachi,0.11420000000000001
2007-12-01,Karachi,0.1206
2008-01-01,Karachi,0.11280000000000001
2008-02-01,Karachi,0.11470000000000001
2008-03-01,Karachi,0.11
2008-04-01,Karachi,0.1096
2008-05-01,Karachi,0.1042
2008-06-01,Karachi,0.0896
2008-07-01,Karachi,0.1023
2008-08-01,Karachi,0.124
2008-09-01,Karachi,0.1296
2008-10-01,Karachi,0.1086
2008-11-01,Karachi,0.109
2008-12-01,Karachi,0.1265
2009-01-01,Karachi,0.10940000000000001
2009-02-01,Karachi,0.1051
2009-03-01,Karachi,0.1082
2009-04-01,Karachi,0.1072
2009-05-01,Karachi,0.0995
2009-06-01,Karachi,0.1008
2009-07-01,Karachi,0.1236
2009-08-01,Karachi,0.12610000000000002
2009-09-01,Karachi,0.1207
2009-10-01,Karachi,0.11710000000000001
2009-11-01,Karachi,0.11120000000000001
2009-12-01,Karachi,0.11170000000000001
2010-01-01,Karachi,0.11270000000000001
2010-02-01,Karachi,0.11
2010-03-01,Karachi,0.10110000000000001
2010-04-01,Karachi,0.1047
2010-05-01,Karachi,0.0976
2010-06-01,Karachi,0.114
2010-07-01,Karachi,0.0951
2010-08-01,Karachi,0.1437
2010-09-01,Karachi,0.1291
2010-10-01,Karachi,0.11900000000000001
2010-11-01,Karachi,0.1121
2010-12-01,Karachi,0.10590000000000001
2011-01-01,Karachi,0.11520000000000001
2011-02-01,Karachi,0.11620000000000001
2011-03-01,Karachi,0.1115
2011-04-01,Karachi,0.1038
2011-05-01,Karachi,0.1057
2011-06-01,Karachi,0.1063
2011-07-01,Karachi,0.07730000000000001
2011-08-01,Karachi,0.07730000000000001
2011-09-01,Karachi,0.13190000000000002
2011-10-01,Karachi,0.1263
2011-11-01,Karachi,0.1131
2011-12-01,Karachi,0.12010000000000001
2012-01-01,Karachi,0.112
2012-02-01,Karachi,0.1071
2012-03-01,Karachi,0.09870000000000001
2012-04-01,Karachi,0.10400000000000001
2012-05-01,Karachi,0.11130000000000001
2012-06-01,Karachi,0.093
2012-07-01,Karachi,0.0585
2012-08-01,Karachi,0.1174
2012-09-01,Karachi,0.1109
2012-10-01,Karachi,0.117
2012-11-01,Karachi,0.1139
2012-12-01,Karachi,0.12430000000000001
2013-01-01,Karachi,0.115
2013-02-01,Karachi,0.1169
2013-03-01,Karachi,0.1081
2013-04-01,Karachi,0.125
2013-05-01,Karachi,0.12050000000000001
2013-06-01,Karachi,0.1126
2013-07-01,Karachi,0.10500000000000001
2013-08-01,Karachi,0.1232
2013-09-01,Karachi,0.12050000000000001
2013-10-01,Karachi,0.1124
2013-11-01,Karachi,0.1237
2013-12-01,Karachi,0.0994
2014-01-01,Karachi,0.1102
2014-02-01,Karachi,0.10650000000000001
2014-03-01,Karachi,0.1189
2014-04-01,Karachi,0.1046
2014-05-01,Karachi,0.10400000000000001
2014-06-01,Karachi,0.1097
2014-07-01,Karachi,0.0941
2014-08-01,Karachi,0.1218
2014-09-01,Karachi,0.1087
2014-10-01,Karachi,0.1082
2014-11-01,Karachi,0.10700000000000001
2014-12-01,Karachi,0.1039
2015-01-01,Karachi,0.10690000000000001
2015-02-01,Karachi,0.10400000000000001
2015-03-01,Karachi,0.10500000000000001
2015-04-01,Karachi,0.0988
2015-05-01,Karachi,0.11080000000000001
2015-06-01,Karachi,0.1203
2015-07-01,Karachi,0.0965
2015-08-01,Karachi,0.10590000000000001
2015-09-01,Karachi,0.12140000000000001
2015-10-01,Karachi,0.11180000000000001
2015-11-01,Karachi,0.1114
2015-12-01,Karachi,0.114
2016-01-01,Karachi,0.1124
2016-02-01,Karachi,0.1027
2016-03-01,Karachi,0.10070000000000001
2016-04-01,Karachi,0.1077
2016-05-01,Karachi,0.1053
2016-06-01,Karachi,0.1086
2016-07-01,Karachi,0.0979
2016-08-01,Karachi,0.1212
2016-09-01,Karachi,0.1187
2016-10-01,Karachi,0.11
2016-11-01,Karachi,0.108
2016-12-01,Karachi,0.1165
2017-01-01,Karachi,0.1056
2017-02-01,Karachi,0.11080000000000001
2017-03-01,Karachi,0.10010000000000001
2017-04-01,Karachi,0.1105
2017-05-01,Karachi,0.10350000000000001
2017-06-01,Karachi,0.108
2017-07-01,Karachi,0.1197
2017-08-01,Karachi,0.1361
2017-09-01,Karachi,0.1338
2017-10-01,Karachi,0.10300000000000001
2017-11-01,Karachi,0.117
2017-12-01,Karachi,0.1081
2018-01-01,Karachi,0.109
2018-02-01,Karachi,0.1071
2018-03-01,Karachi,0.1056
2018-04-01,Karachi,0.1
2018-05-01,Karachi,0.1092
2018-06-01,Karachi,0.09730000000000001
2018-07-01,Karachi,0.098
2018-08-01,Karachi,0.1022
2018-09-01,Karachi,0.10250000000000001
2018-10-01,Karachi,0.1072
2018-11-01,Karachi,0.1121
2018-12-01,Karachi,0.10890000000000001
2019-01-01,Karachi,0.095
2019-02-01,Karachi,0.099
2019-03-01,Karachi,0.0954
2019-04-01,Karachi,0.09910000000000001
2019-05-01,Karachi,0.1068
2019-06-01,Karachi,0.1217
2019-07-01,Karachi,0.094
2019-08-01,Karachi,0.1777
2019-09-01,Karachi,0.1255
2019-10-01,Karachi,0.1279
2019-11-01,Karachi,0.1129
2019-12-01,Karachi,0.1164
2020-01-01,Karachi,0.1027
2020-02-01,Karachi,0.10250000000000001
2020-03-01,Karachi,0.1038
2020-04-01,Karachi,0.1119
2020-05-01,Karachi,0.1028
2020-06-01,Karachi,0.10690000000000001
2020-07-01,Karachi,0.10650000000000001
2020-08-01,Karachi,0.1487
2020-09-01,Karachi,0.1394
2020-10-01,Karachi,0.12090000000000001
2020-11-01,Karachi,0.1109
2020-12-01,Karachi,0.1207
2021-01-01,Karachi,0.11220000000000001
2021-02-01,Karachi,0.1078
2021-03-01,Karachi,0.1056
2021-04-01,Karachi,0.113
2021-05-01,Karachi,0.11560000000000001
2021-06-01,Karachi,0.1221
2021-07-01,Karachi,0.1159
2021-08-01,Karachi,0.1447
2021-09-01,Karachi,0.12810000000000002
2021-10-01,Karachi,0.15
2021-11-01,Karachi,0.11470000000000001
2021-12-01,Karachi,0.10210000000000001
2022-01-01,Karachi,0.1037
2022-02-01,Karachi,0.11180000000000001
2022-03-01,Karachi,0.1105
2022-04-01,Karachi,0.11380000000000001
2022-05-01,Karachi,0.12010000000000001
2022-06-01,Karachi,0.1264
2022-07-01,Karachi,0.1245
2022-08-01,Karachi,0.1532
2022-09-01,Karachi,0.152
2022-10-01,Karachi,0.1264
2022-11-01,Karachi,0.12430000000000001
2022-12-01,Karachi,0.1288
2023-01-01,Karachi,0.1143
2023-02-01,Karachi,0.1019
2023-03-01,Karachi,0.11960000000000001
2023-04-01,Karachi,0.14800000000000002
2023-05-01,Karachi,0.1436
2023-06-01,Karachi,0.0917
2023-07-01,Karachi,0.0917
2023-08-01,Karachi,0.11800000000000001
2023-09-01,Karachi,0.124
2023-10-01,Karachi,0.138
2023-11-01,Karachi,0.10360000000000001
2023-12-01,Karachi,0.1143
2024-01-01,Karachi,0.1153
2024-02-01,Karachi,0.1258
2024-03-01,Karachi,0.11850000000000001
2024-04-01,Karachi,0.1285
2024-05-01,Karachi,0.12040000000000001
2024-06-01,Karachi,0.12190000000000001
2024-07-01,Karachi,0.1024
2024-08-01,Karachi,0.16740000000000002
2024-09-01,Karachi,0.12240000000000001
2024-10-01,Karachi,0.1338
2024-11-01,Karachi,0.1067
2024-12-01,Karachi,0.10640000000000001
2025-01-01,Karachi,0.1073
2025-02-01,Karachi,0.1101
2025-03-01,Karachi,0.10700000000000001
2025-04-01,Karachi,0.1149
2025-05-01,Karachi,0.1
2025-06-01,Karachi,0.1057
2025-07-01,Karachi,0.0726
2025-08-01,Karachi,0.1419
2025-09-01,Karachi,0.1322
2025-10-01,Karachi,0.13
2025-11-01,Karachi,0.124
2025-12-01,Karachi,0.1272
2000-02-01,Lahore,0.19740000000000002
2000-03-01,Lahore,0.2097
2000-04-01,Lahore,0.2151
2000-05-01,Lahore,0.20900000000000002
2000-06-01,Lahore,0.2508
2000-07-01,Lahore,0.38270000000000004
2000-08-01,Lahore,0.3504
2000-09-01,Lahore,0.3028
2000-10-01,Lahore,0.2614
2000-11-01,Lahore,0.22610000000000002
2000-12-01,Lahore,0.2074
2001-01-01,Lahore,0.1766
2001-02-01,Lahore,0.189
2001-03-01,Lahore,0.191
2001-04-01,Lahore,0.21830000000000002
2001-05-01,Lahore,0.2071
2001-06-01,Lahore,0.2121
2001-07-01,Lahore,0.33680000000000004
2001-08-01,Lahore,0.30710000000000004
2001-09-01,Lahore,0.3291
2001-10-01,Lahore,0.24530000000000002
2001-11-01,Lahore,0.2335
2001-12-01,Lahore,0.1948
2002-01-01,Lahore,0.1643
2002-02-01,Lahore,0.1967
2002-03-01,Lahore,0.2112
2002-04-01,Lahore,0.2013
2002-05-01,Lahore,0.1908
2002-06-01,Lahore,0.2029
2002-07-01,Lahore,0.20950000000000002
2002-08-01,Lahore,0.32380000000000003
2002-09-01,Lahore,0.2427
2002-10-01,Lahore,0.23390000000000002
2002-11-01,Lahore,0.2335
2002-12-01,Lahore,0.1757
2003-01-01,Lahore,0.1806
2003-02-01,Lahore,0.1852
2003-03-01,Lahore,0.2033
2003-04-01,Lahore,0.25720000000000004
2003-05-01,Lahore,0.23600000000000002
2003-06-01,Lahore,0.23370000000000002
2003-07-01,Lahore,0.2558
2003-08-01,Lahore,0.2615
2003-09-01,Lahore,0.2944
2003-10-01,Lahore,0.2296
2003-11-01,Lahore,0.2222
2003-12-01,Lahore,0.22310000000000002
2004-01-01,Lahore,0.166
2004-02-01,Lahore,0.22360000000000002
2004-03-01,Lahore,0.2018
2004-04-01,Lahore,0.2011
2004-05-01,Lahore,0.21580000000000002
2004-06-01,Lahore,0.20850000000000002
2004-07-01,Lahore,0.2326
2004-08-01,Lahore,0.277
2004-09-01,Lahore,0.2797
2004-10-01,Lahore,0.2691
2004-11-01,Lahore,0.20570000000000002
2004-12-01,Lahore,0.192
2005-01-01,Lahore,0.20400000000000001
2005-02-01,Lahore,0.234
2005-03-01,Lahore,0.2497
2005-04-01,Lahore,0.2511
2005-05-01,Lahore,0.2233
2005-06-01,Lahore,0.39880000000000004
2005-07-01,Lahore,0.30770000000000003
2005-08-01,Lahore,0.3073
2005-09-01,Lahore,0.3337
2005-10-01,Lahore,0.276
2005-11-01,Lahore,0.21680000000000002
2005-12-01,Lahore,0.1869
2006-01-01,Lahore,0.1705
2006-02-01,Lahore,0.1812
2006-03-01,Lahore,0.232
2006-04-01,Lahore,0.2273
2006-05-01,Lahore,0.2272
2006-06-01,Lahore,0.24550000000000002
2006-07-01,Lahore,0.37360000000000004
2006-08-01,Lahore,0.37360000000000004
2006-09-01,Lahore,0.2908
2006-10-01,Lahore,0.3423
2006-11-01,Lahore,0.2717
2006-12-01,Lahore,0.2401
2007-01-01,Lahore,0.1903
2007-02-01,Lahore,0.2214
2007-03-01,Lahore,0.2841
2007-04-01,Lahore,0.248
2007-05-01,Lahore,0.2581
2007-06-01,Lahore,0.3819
2007-07-01,Lahore,0.3584
2007-08-01,Lahore,0.2927
2007-09-01,Lahore,0.28900000000000003
2007-10-01,Lahore,0.266
2007-11-01,Lahore,0.22870000000000001
2007-12-01,Lahore,0.20120000000000002
2008-01-01,Lahore,0.2182
2008-02-01,Lahore,0.191
2008-03-01,Lahore,0.21230000000000002
2008-04-01,Lahore,0.2535
2008-05-01,Lahore,0.24300000000000002
2008-06-01,Lahore,0.219
2008-07-01,Lahore,0.3038
2008-08-01,Lahore,0.3446
2008-09-01,Lahore,0.37
2008-10-01,Lahore,0.2574
2008-11-01,Lahore,0.21980000000000002
2008-12-01,Lahore,0.2136
2009-01-01,Lahore,0.2311
2009-02-01,Lahore,0.2548
2009-03-01,Lahore,0.27140000000000003
2009-04-01,Lahore,0.2751
2009-05-01,Lahore,0.2621
2009-06-01,Lahore,0.2421
2009-07-01,Lahore,0.22590000000000002
2009-08-01,Lahore,0.37110000000000004
2009-09-01,Lahore,0.3516
2009-10-01,Lahore,0.2348
2009-11-01,Lahore,0.1786
2009-12-01,Lahore,0.2049
2010-01-01,Lahore,0.1753
2010-02-01,Lahore,0.1894
2010-03-01,Lahore,0.2305
2010-04-01,Lahore,0.21780000000000002
2010-05-01,Lahore,0.2093
2010-06-01,Lahore,0.24180000000000001
2010-07-01,Lahore,0.3386
2010-08-01,Lahore,0.34640000000000004
2010-09-01,Lahore,0.372
2010-10-01,Lahore,0.2857
2010-11-01,Lahore,0.24930000000000002
2010-12-01,Lahore,0.1895
2011-01-01,Lahore,0.1938
2011-02-01,Lahore,0.2356
2011-03-01,Lahore,0.22440000000000002
2011-04-01,Lahore,0.2851
2011-05-01,Lahore,0.2733
2011-06-01,Lahore,0.2495
2011-07-01,Lahore,0.3849
2011-08-01,Lahore,0.523
2011-09-01,Lahore,0.523
2011-10-01,Lahore,0.2844
2011-11-01,Lahore,0.31320000000000003
2011-12-01,Lahore,0.2025
2012-01-01,Lahore,0.2089
2012-02-01,Lahore,0.2111
2012-03-01,Lahore,0.2066
2012-04-01,Lahore,0.2771
2012-05-01,Lahore,0.277
2012-06-01,Lahore,0.2614
2012-07-01,Lahore,0.21000000000000002
2012-08-01,Lahore,0.3849
2012-09-01,Lahore,0.3876
2012-10-01,Lahore,0.3548
2012-11-01,Lahore,0.2954
2012-12-01,Lahore,0.2412
2013-01-01,Lahore,0.2645
2013-02-01,Lahore,0.2359
2013-03-01,Lahore,0.2378
2013-04-01,Lahore,0.2761
2013-05-01,Lahore,0.27340000000000003
2013-06-01,Lahore,0.2561
2013-07-01,Lahore,0.36970000000000003
2013-08-01,Lahore,0.37
2013-09-01,Lahore,0.3493
2013-10-01,Lahore,0.3719
2013-11-01,Lahore,0.3064
2013-12-01,Lahore,0.22760000000000002
2014-01-01,Lahore,0.2139
2014-02-01,Lahore,0.23870000000000002
2014-03-01,Lahore,0.2617
2014-04-01,Lahore,0.2795
2014-05-01,Lahore,0.29760000000000003
2014-06-01,Lahore,0.2477
2014-07-01,Lahore,0.2933
2014-08-01,Lahore,0.34090000000000004
2014-09-01,Lahore,0.3305
2014-10-01,Lahore,0.2898
2014-11-01,Lahore,0.2823
2014-12-01,Lahore,0.23120000000000002
2015-01-01,Lahore,0.24380000000000002
2015-02-01,Lahore,0.2434
2015-03-01,Lahore,0.2987
2015-04-01,Lahore,0.3049
2015-05-01,Lahore,0.2888
2015-06-01,Lahore,0.2848
2015-07-01,Lahore,0.3482
2015-08-01,Lahore,0.3856
2015-09-01,Lahore,0.3415
2015-10-01,Lahore,0.3196
2015-11-01,Lahore,0.2087
2015-12-01,Lahore,0.2579
2016-01-01,Lahore,0.23770000000000002
2016-02-01,Lahore,0.1885
2016-03-01,Lahore,0.252
2016-04-01,Lahore,0.2701
2016-05-01,Lahore,0.23720000000000002
2016-06-01,Lahore,0.4434
2016-07-01,Lahore,0.4434
2016-08-01,Lahore,0.5098
2016-09-01,Lahore,0.3467
2016-10-01,Lahore,0.3316
2016-11-01,Lahore,0.2373
2016-12-01,Lahore,0.22110000000000002
2017-01-01,Lahore,0.2086
2017-02-01,Lahore,0.25730000000000003
2017-03-01,Lahore,0.254
2017-04-01,Lahore,0.2599
2017-05-01,Lahore,0.2439
2017-06-01,Lahore,0.452
2017-07-01,Lahore,0.4167
2017-08-01,Lahore,0.30870000000000003
2017-09-01,Lahore,0.34390000000000004
2017-10-01,Lahore,0.2242
2017-11-01,Lahore,0.2768
2017-12-01,Lahore,0.24250000000000002
2018-01-01,Lahore,0.189
2018-02-01,Lahore,0.1859
2018-03-01,Lahore,0.2333
2018-04-01,Lahore,0.2109
2018-05-01,Lahore,0.2209
2018-06-01,Lahore,0.3521
2018-07-01,Lahore,0.45930000000000004
2018-08-01,Lahore,0.31820000000000004
2018-09-01,Lahore,0.3225
2018-10-01,Lahore,0.2796
2018-11-01,Lahore,0.2393
2018-12-01,Lahore,0.2179
2019-01-01,Lahore,0.18610000000000002
2019-02-01,Lahore,0.23240000000000002
2019-03-01,Lahore,0.26
2019-04-01,Lahore,0.2526
2019-05-01,Lahore,0.25830000000000003
2019-06-01,Lahore,0.23900000000000002
2019-07-01,Lahore,0.234
2019-08-01,Lahore,0.4107
2019-09-01,Lahore,0.3735
2019-10-01,Lahore,0.2942
2019-11-01,Lahore,0.272
2019-12-01,Lahore,0.2646
2020-01-01,Lahore,0.2429
2020-02-01,Lahore,0.2147
2020-03-01,Lahore,0.3377
2020-04-01,Lahore,0.30670000000000003
2020-05-01,Lahore,0.3129
2020-06-01,Lahore,0.28750000000000003
2020-07-01,Lahore,0.3728
2020-08-01,Lahore,0.3977
2020-09-01,Lahore,0.5287000000000001
2020-10-01,Lahore,0.2541
2020-11-01,Lahore,0.3009
2020-12-01,Lahore,0.2891
2021-01-01,Lahore,0.23570000000000002
2021-02-01,Lahore,0.21180000000000002
2021-03-01,Lahore,0.25980000000000003
2021-04-01,Lahore,0.3029
2021-05-01,Lahore,0.2692
2021-06-01,Lahore,0.261
2021-07-01,Lahore,0.3645
2021-08-01,Lahore,0.334
2021-09-01,Lahore,0.3649
2021-10-01,Lahore,0.3541
2021-11-01,Lahore,0.3174
2021-12-01,Lahore,0.226
2022-01-01,Lahore,0.22060000000000002
2022-02-01,Lahore,0.23020000000000002
2022-03-01,Lahore,0.27690000000000003
2022-04-01,Lahore,0.27890000000000004
2022-05-01,Lahore,0.2898
2022-06-01,Lahore,0.36560000000000004
2022-07-01,Lahore,0.3879
2022-08-01,Lahore,0.3786
2022-09-01,Lahore,0.3149
2022-10-01,Lahore,0.3695
2022-11-01,Lahore,0.28600000000000003
2022-12-01,Lahore,0.2526
2023-01-01,Lahore,0.2232
2023-02-01,Lahore,0.20670000000000002
2023-03-01,Lahore,0.2672
2023-04-01,Lahore,0.33480000000000004
2023-05-01,Lahore,0.3281
2023-06-01,Lahore,0.39680000000000004
2023-07-01,Lahore,0.5418000000000001
2023-08-01,Lahore,0.39530000000000004
2023-09-01,Lahore,0.39830000000000004
2023-10-01,Lahore,0.3173
2023-11-01,Lahore,0.3149
2023-12-01,Lahore,0.2273
2024-01-01,Lahore,0.21000000000000002
2024-02-01,Lahore,0.22610000000000002
2024-03-01,Lahore,0.31370000000000003
2024-04-01,Lahore,0.3376
2024-05-01,Lahore,0.3126
2024-06-01,Lahore,0.2723
2024-07-01,Lahore,0.33640000000000003
2024-08-01,Lahore,0.4224
2024-09-01,Lahore,0.4025
2024-10-01,Lahore,0.42060000000000003
2024-11-01,Lahore,0.23240000000000002
2024-12-01,Lahore,0.2411
2025-01-01,Lahore,0.23190000000000002
2025-02-01,Lahore,0.23290000000000002
2025-03-01,Lahore,0.2592
2025-04-01,Lahore,0.274
2025-05-01,Lahore,0.27890000000000004
2025-06-01,Lahore,0.31220000000000003
2025-07-01,Lahore,0.39440000000000003
2025-08-01,Lahore,0.4399
2025-09-01,Lahore,0.4162
2025-10-01,Lahore,0.3816
2025-11-01,Lahore,0.2806
2025-12-01,Lahore,0.24080000000000001
2000-02-01,Islamabad,0.3774
2000-03-01,Islamabad,0.4091
2000-04-01,Islamabad,0.46780000000000005
2000-05-01,Islamabad,0.3669
2000-06-01,Islamabad,0.3725
2000-07-01,Islamabad,0.4707
2000-08-01,Islamabad,0.6003000000000001
2000-09-01,Islamabad,0.5497000000000001
2000-10-01,Islamabad,0.48090000000000005
2000-11-01,Islamabad,0.4183
2000-12-01,Islamabad,0.35650000000000004
2001-01-01,Islamabad,0.2732
2001-02-01,Islamabad,0.27090000000000003
2001-03-01,Islamabad,0.3239
2001-04-01,Islamabad,0.38630000000000003
2001-05-01,Islamabad,0.33130000000000004
2001-06-01,Islamabad,0.3204
2001-07-01,Islamabad,0.5967
2001-08-01,Islamabad,0.5877
2001-09-01,Islamabad,0.47000000000000003
2001-10-01,Islamabad,0.43310000000000004
2001-11-01,Islamabad,0.42850000000000005
2001-12-01,Islamabad,0.3393
2002-01-01,Islamabad,0.3095
2002-02-01,Islamabad,0.3079
2002-03-01,Islamabad,0.3766
2002-04-01,Islamabad,0.4561
2002-05-01,Islamabad,0.36310000000000003
2002-06-01,Islamabad,0.46430000000000005
2002-07-01,Islamabad,0.4582
2002-08-01,Islamabad,0.49400000000000005
2002-09-01,Islamabad,0.5417000000000001
2002-10-01,Islamabad,0.48650000000000004
2002-11-01,Islamabad,0.4727
2002-12-01,Islamabad,0.4061
2003-01-01,Islamabad,0.31370000000000003
2003-02-01,Islamabad,0.3839
2003-03-01,Islamabad,0.41050000000000003
2003-04-01,Islamabad,0.48090000000000005
2003-05-01,Islamabad,0.4404
2003-06-01,Islamabad,0.4217
2003-07-01,Islamabad,0.5884
2003-08-01,Islamabad,0.6278
2003-09-01,Islamabad,0.5743
2003-10-01,Islamabad,0.47250000000000003
2003-11-01,Islamabad,0.4642
2003-12-01,Islamabad,0.43670000000000003
2004-01-01,Islamabad,0.38070000000000004
2004-02-01,Islamabad,0.4295
2004-03-01,Islamabad,0.4909
2004-04-01,Islamabad,0.4621
2004-05-01,Islamabad,0.4213
2004-06-01,Islamabad,0.45130000000000003
2004-07-01,Islamabad,0.5343
2004-08-01,Islamabad,0.5753
2004-09-01,Islamabad,0.543
2004-10-01,Islamabad,0.4862
2004-11-01,Islamabad,0.4726
2004-12-01,Islamabad,0.4037
2005-01-01,Islamabad,0.4283
2005-02-01,Islamabad,0.42650000000000005
2005-03-01,Islamabad,0.4807
2005-04-01,Islamabad,0.4975
2005-05-01,Islamabad,0.4534
2005-06-01,Islamabad,0.4213
2005-07-01,Islamabad,0.5504
2005-08-01,Islamabad,0.5755
2005-09-01,Islamabad,0.5711
2005-10-01,Islamabad,0.47000000000000003
2005-11-01,Islamabad,0.4187
2005-12-01,Islamabad,0.36060000000000003
2006-01-01,Islamabad,0.3048
2006-02-01,Islamabad,0.3613
2006-03-01,Islamabad,0.4202
2006-04-01,Islamabad,0.431
2006-05-01,Islamabad,0.31920000000000004
2006-06-01,Islamabad,0.3342
2006-07-01,Islamabad,0.49420000000000003
2006-08-01,Islamabad,0.5750000000000001
2006-09-01,Islamabad,0.47800000000000004
2006-10-01,Islamabad,0.4446
2006-11-01,Islamabad,0.4693
2006-12-01,Islamabad,0.4047
2007-01-01,Islamabad,0.3572
2007-02-01,Islamabad,0.35650000000000004
2007-03-01,Islamabad,0.4026
2007-04-01,Islamabad,0.4273
2007-05-01,Islamabad,0.3441
2007-06-01,Islamabad,0.3753
2007-07-01,Islamabad,0.4676
2007-08-01,Islamabad,0.4908
2007-09-01,Islamabad,0.4403
2007-10-01,Islamabad,0.39790000000000003
2007-11-01,Islamabad,0.3176
2007-12-01,Islamabad,0.2883
2008-01-01,Islamabad,0.26980000000000004
2008-02-01,Islamabad,0.23550000000000001
2008-03-01,Islamabad,0.3486
2008-04-01,Islamabad,0.3909
2008-05-01,Islamabad,0.3098
2008-06-01,Islamabad,0.39230000000000004
2008-07-01,Islamabad,0.4783
2008-08-01,Islamabad,0.4414
2008-09-01,Islamabad,0.40240000000000004
2008-10-01,Islamabad,0.3866
2008-11-01,Islamabad,0.331
2008-12-01,Islamabad,0.3325
2009-01-01,Islamabad,0.30560000000000004
2009-02-01,Islamabad,0.39130000000000004
2009-03-01,Islamabad,0.4072
2009-04-01,Islamabad,0.4822
2009-05-01,Islamabad,0.35750000000000004
2009-06-01,Islamabad,0.3411
2009-07-01,Islamabad,0.3144
2009-08-01,Islamabad,0.45780000000000004
2009-09-01,Islamabad,0.4339
2009-10-01,Islamabad,0.3397
2009-11-01,Islamabad,0.31420000000000003
2009-12-01,Islamabad,0.3014
2010-01-01,Islamabad,0.2574
2010-02-01,Islamabad,0.2753
2010-03-01,Islamabad,0.3561
2010-04-01,Islamabad,0.39640000000000003
2010-05-01,Islamabad,0.34240000000000004
2010-06-01,Islamabad,0.3078
2010-07-01,Islamabad,0.3362
2010-08-01,Islamabad,0.4894
2010-09-01,Islamabad,0.5278
2010-10-01,Islamabad,0.40900000000000003
2010-11-01,Islamabad,0.4011
2010-12-01,Islamabad,0.321
2011-01-01,Islamabad,0.2827
2011-02-01,Islamabad,0.3413
2011-03-01,Islamabad,0.38570000000000004
2011-04-01,Islamabad,0.46090000000000003
2011-05-01,Islamabad,0.37620000000000003
2011-06-01,Islamabad,0.3311
2011-07-01,Islamabad,0.44820000000000004
2011-08-01,Islamabad,0.5332
2011-09-01,Islamabad,0.5072
2011-10-01,Islamabad,0.41440000000000005
2011-11-01,Islamabad,0.4293
2011-12-01,Islamabad,0.36560000000000004
2012-01-01,Islamabad,0.3181
2012-02-01,Islamabad,0.27
2012-03-01,Islamabad,0.35550000000000004
2012-04-01,Islamabad,0.43960000000000005
2012-05-01,Islamabad,0.3564
2012-06-01,Islamabad,0.2963
2012-07-01,Islamabad,0.39430000000000004
2012-08-01,Islamabad,0.5138
2012-09-01,Islamabad,0.5058
2012-10-01,Islamabad,0.4637
2012-11-01,Islamabad,0.3955
2012-12-01,Islamabad,0.3647
2013-01-01,Islamabad,0.3805
2013-02-01,Islamabad,0.389
2013-03-01,Islamabad,0.4577
2013-04-01,Islamabad,0.4928
2013-05-01,Islamabad,0.40140000000000003
2013-06-01,Islamabad,0.36460000000000004
2013-07-01,Islamabad,0.5079
2013-08-01,Islamabad,0.5601
2013-09-01,Islamabad,0.5147
2013-10-01,Islamabad,0.4479
2013-11-01,Islamabad,0.4257
2013-12-01,Islamabad,0.3723
2014-01-01,Islamabad,0.272
2014-02-01,Islamabad,0.33080000000000004
2014-03-01,Islamabad,0.39940000000000003
2014-04-01,Islamabad,0.47490000000000004
2014-05-01,Islamabad,0.4207
2014-06-01,Islamabad,0.34850000000000003
2014-07-01,Islamabad,0.3584
2014-08-01,Islamabad,0.4592
2014-09-01,Islamabad,0.46230000000000004
2014-10-01,Islamabad,0.4086
2014-11-01,Islamabad,0.2958
2014-12-01,Islamabad,0.2467
2015-01-01,Islamabad,0.2452
2015-02-01,Islamabad,0.277
2015-03-01,Islamabad,0.32
2015-04-01,Islamabad,0.395
2015-05-01,Islamabad,0.34900000000000003
2015-06-01,Islamabad,0.331
2015-07-01,Islamabad,0.4415
2015-08-01,Islamabad,0.5571
2015-09-01,Islamabad,0.4425
2015-10-01,Islamabad,0.4096
2015-11-01,Islamabad,0.3931
2015-12-01,Islamabad,0.36360000000000003
2016-01-01,Islamabad,0.3024
2016-02-01,Islamabad,0.3573
2016-03-01,Islamabad,0.3816
2016-04-01,Islamabad,0.3759
2016-05-01,Islamabad,0.3472
2016-06-01,Islamabad,0.3519
2016-07-01,Islamabad,0.4627
2016-08-01,Islamabad,0.5054000000000001
2016-09-01,Islamabad,0.44060000000000005
2016-10-01,Islamabad,0.3544
2016-11-01,Islamabad,0.2876
2016-12-01,Islamabad,0.2735
2017-01-01,Islamabad,0.27490000000000003
2017-02-01,Islamabad,0.3262
2017-03-01,Islamabad,0.3385
2017-04-01,Islamabad,0.3793
2017-05-01,Islamabad,0.3597
2017-06-01,Islamabad,0.38530000000000003
2017-07-01,Islamabad,0.4773
2017-08-01,Islamabad,0.49100000000000005
2017-09-01,Islamabad,0.49560000000000004
2017-10-01,Islamabad,0.3458
2017-11-01,Islamabad,0.31320000000000003
2017-12-01,Islamabad,0.3443
2018-01-01,Islamabad,0.30910000000000004
2018-02-01,Islamabad,0.3698
2018-03-01,Islamabad,0.40900000000000003
2018-04-01,Islamabad,0.37870000000000004
2018-05-01,Islamabad,0.3788
2018-06-01,Islamabad,0.36360000000000003
2018-07-01,Islamabad,0.43870000000000003
2018-08-01,Islamabad,0.535
2018-09-01,Islamabad,0.44470000000000004
2018-10-01,Islamabad,0.39930000000000004
2018-11-01,Islamabad,0.38930000000000003
2018-12-01,Islamabad,0.36310000000000003
2019-01-01,Islamabad,0.3075
2019-02-01,Islamabad,0.3769
2019-03-01,Islamabad,0.4186
2019-04-01,Islamabad,0.40790000000000004
2019-05-01,Islamabad,0.39640000000000003
2019-06-01,Islamabad,0.38270000000000004
2019-07-01,Islamabad,0.404
2019-08-01,Islamabad,0.5179
2019-09-01,Islamabad,0.5169
2019-10-01,Islamabad,0.4572
2019-11-01,Islamabad,0.464
2019-12-01,Islamabad,0.4208
2020-01-01,Islamabad,0.3446
2020-02-01,Islamabad,0.3799
2020-03-01,Islamabad,0.4511
2020-04-01,Islamabad,0.4772
2020-05-01,Islamabad,0.4646
2020-06-01,Islamabad,0.4199
2020-07-01,Islamabad,0.461
2020-08-01,Islamabad,0.535
2020-09-01,Islamabad,0.4954
2020-10-01,Islamabad,0.37360000000000004
2020-11-01,Islamabad,0.3377
2020-12-01,Islamabad,0.33490000000000003
2021-01-01,Islamabad,0.35850000000000004
2021-02-01,Islamabad,0.3592
2021-03-01,Islamabad,0.4071
2021-04-01,Islamabad,0.4213
2021-05-01,Islamabad,0.3654
2021-06-01,Islamabad,0.3593
2021-07-01,Islamabad,0.5073
2021-08-01,Islamabad,0.5281
2021-09-01,Islamabad,0.47350000000000003
2021-10-01,Islamabad,0.45480000000000004
2021-11-01,Islamabad,0.3759
2021-12-01,Islamabad,0.3201
2022-01-01,Islamabad,0.33840000000000003
2022-02-01,Islamabad,0.3826
2022-03-01,Islamabad,0.45070000000000005
2022-04-01,Islamabad,0.3925
2022-05-01,Islamabad,0.3588
2022-06-01,Islamabad,0.30960000000000004
2022-07-01,Islamabad,0.47550000000000003
2022-08-01,Islamabad,0.5402
2022-09-01,Islamabad,0.48950000000000005
2022-10-01,Islamabad,0.396
2022-11-01,Islamabad,0.4091
2022-12-01,Islamabad,0.3608
2023-01-01,Islamabad,0.32120000000000004
2023-02-01,Islamabad,0.3951
2023-03-01,Islamabad,0.4052
2023-04-01,Islamabad,0.42560000000000003
2023-05-01,Islamabad,0.3985
2023-06-01,Islamabad,0.36610000000000004
2023-07-01,Islamabad,0.45690000000000003
2023-08-01,Islamabad,0.5074000000000001
2023-09-01,Islamabad,0.46430000000000005
2023-10-01,Islamabad,0.46580000000000005
2023-11-01,Islamabad,0.41540000000000005
2023-12-01,Islamabad,0.3604
2024-01-01,Islamabad,0.36810000000000004
2024-02-01,Islamabad,0.34290000000000004
2024-03-01,Islamabad,0.44010000000000005
2024-04-01,Islamabad,0.4484
2024-05-01,Islamabad,0.38680000000000003
2024-06-01,Islamabad,0.3728
2024-07-01,Islamabad,0.46680000000000005
2024-08-01,Islamabad,0.5283
2024-09-01,Islamabad,0.504
2024-10-01,Islamabad,0.456
2024-11-01,Islamabad,0.40140000000000003
2024-12-01,Islamabad,0.4083
2025-01-01,Islamabad,0.29510000000000003
2025-02-01,Islamabad,0.2591
2025-03-01,Islamabad,0.4136
2025-04-01,Islamabad,0.42560000000000003
2025-05-01,Islamabad,0.3829
2025-06-01,Islamabad,0.5751000000000001
2025-07-01,Islamabad,0.5447000000000001
2025-08-01,Islamabad,0.5313
2025-09-01,Islamabad,0.4909
2025-10-01,Islamabad,0.4541
2025-11-01,Islamabad,0.3922
2025-12-01,Islamabad,0.3758
2000-02-01,Rawalpindi,0.3047
2000-03-01,Rawalpindi,0.2641
2000-04-01,Rawalpindi,0.261
2000-05-01,Rawalpindi,0.1955
2000-06-01,Rawalpindi,0.1769
2000-07-01,Rawalpindi,0.3612
2000-08-01,Rawalpindi,0.3829
2000-09-01,Rawalpindi,0.3617
2000-10-01,Rawalpindi,0.28
2000-11-01,Rawalpindi,0.20750000000000002
2000-12-01,Rawalpindi,0.1925
2001-01-01,Rawalpindi,0.16440000000000002
2001-02-01,Rawalpindi,0.1637
2001-03-01,Rawalpindi,0.17400000000000002
2001-04-01,Rawalpindi,0.1917
2001-05-01,Rawalpindi,0.182
2001-06-01,Rawalpindi,0.1804
2001-07-01,Rawalpindi,0.3628
2001-08-01,Rawalpindi,0.4146
2001-09-01,Rawalpindi,0.306
2001-10-01,Rawalpindi,0.2446
2001-11-01,Rawalpindi,0.21830000000000002
2001-12-01,Rawalpindi,0.1956
2002-01-01,Rawalpindi,0.18560000000000001
2002-02-01,Rawalpindi,0.1758
2002-03-01,Rawalpindi,0.2112
2002-04-01,Rawalpindi,0.2146
2002-05-01,Rawalpindi,0.17270000000000002
2002-06-01,Rawalpindi,0.1693
2002-07-01,Rawalpindi,0.2341
2002-08-01,Rawalpindi,0.30360000000000004
2002-09-01,Rawalpindi,0.3652
2002-10-01,Rawalpindi,0.2447
2002-11-01,Rawalpindi,0.2126
2002-12-01,Rawalpindi,0.2003
2003-01-01,Rawalpindi,0.1673
2003-02-01,Rawalpindi,0.2137
2003-03-01,Rawalpindi,0.2376
2003-04-01,Rawalpindi,0.2622
2003-05-01,Rawalpindi,0.22130000000000002
2003-06-01,Rawalpindi,0.1996
2003-07-01,Rawalpindi,0.3704
2003-08-01,Rawalpindi,0.3713
2003-09-01,Rawalpindi,0.3224
2003-10-01,Rawalpindi,0.2489
2003-11-01,Rawalpindi,0.21960000000000002
2003-12-01,Rawalpindi,0.2114
2004-01-01,Rawalpindi,0.229
2004-02-01,Rawalpindi,0.251
2004-03-01,Rawalpindi,0.2932
2004-04-01,Rawalpindi,0.2419
2004-05-01,Rawalpindi,0.2235
2004-06-01,Rawalpindi,0.23550000000000001
2004-07-01,Rawalpindi,0.2959
2004-08-01,Rawalpindi,0.3668
2004-09-01,Rawalpindi,0.28040000000000004
2004-10-01,Rawalpindi,0.24550000000000002
2004-11-01,Rawalpindi,0.21200000000000002
2004-12-01,Rawalpindi,0.2426
2005-01-01,Rawalpindi,0.23190000000000002
2005-02-01,Rawalpindi,0.2511
2005-03-01,Rawalpindi,0.26880000000000004
2005-04-01,Rawalpindi,0.2811
2005-05-01,Rawalpindi,0.2265
2005-06-01,Rawalpindi,0.19640000000000002
2005-07-01,Rawalpindi,0.44430000000000003
2005-08-01,Rawalpindi,0.38180000000000003
2005-09-01,Rawalpindi,0.31820000000000004
2005-10-01,Rawalpindi,0.262
2005-11-01,Rawalpindi,0.19890000000000002
2005-12-01,Rawalpindi,0.2033
2006-01-01,Rawalpindi,0.1635
2006-02-01,Rawalpindi,0.2008
2006-03-01,Rawalpindi,0.29960000000000003
2006-04-01,Rawalpindi,0.2238
2006-05-01,Rawalpindi,0.1753
2006-06-01,Rawalpindi,0.18910000000000002
2006-07-01,Rawalpindi,0.32020000000000004
2006-08-01,Rawalpindi,0.3557
2006-09-01,Rawalpindi,0.3034
2006-10-01,Rawalpindi,0.2409
2006-11-01,Rawalpindi,0.21810000000000002
2006-12-01,Rawalpindi,0.2073
2007-01-01,Rawalpindi,0.21760000000000002
2007-02-01,Rawalpindi,0.2386
2007-03-01,Rawalpindi,0.24100000000000002
2007-04-01,Rawalpindi,0.2579
2007-05-01,Rawalpindi,0.20420000000000002
2007-06-01,Rawalpindi,0.2122
2007-07-01,Rawalpindi,0.3292
2007-08-01,Rawalpindi,0.38420000000000004
2007-09-01,Rawalpindi,0.318
2007-10-01,Rawalpindi,0.2295
2007-11-01,Rawalpindi,0.1845
2007-12-01,Rawalpindi,0.171
2008-01-01,Rawalpindi,0.1739
2008-02-01,Rawalpindi,0.18230000000000002
2008-03-01,Rawalpindi,0.2469
2008-04-01,Rawalpindi,0.2589
2008-05-01,Rawalpindi,0.20140000000000002
2008-06-01,Rawalpindi,0.21810000000000002
2008-07-01,Rawalpindi,0.33330000000000004
2008-08-01,Rawalpindi,0.3292
2008-09-01,Rawalpindi,0.2281
2008-10-01,Rawalpindi,0.198
2008-11-01,Rawalpindi,0.1857
2008-12-01,Rawalpindi,0.1895
2009-01-01,Rawalpindi,0.2069
2009-02-01,Rawalpindi,0.2238
2009-03-01,Rawalpindi,0.22840000000000002
2009-04-01,Rawalpindi,0.2846
2009-05-01,Rawalpindi,0.218
2009-06-01,Rawalpindi,0.1797
2009-07-01,Rawalpindi,0.1807
2009-08-01,Rawalpindi,0.3039
2009-09-01,Rawalpindi,0.30820000000000003
2009-10-01,Rawalpindi,0.1882
2009-11-01,Rawalpindi,0.1254
2009-12-01,Rawalpindi,0.1356
2010-01-01,Rawalpindi,0.12350000000000001
2010-02-01,Rawalpindi,0.1375
2010-03-01,Rawalpindi,0.1963
2010-04-01,Rawalpindi,0.1953
2010-05-01,Rawalpindi,0.1771
2010-06-01,Rawalpindi,0.1573
2010-07-01,Rawalpindi,0.1663
2010-08-01,Rawalpindi,0.3252
2010-09-01,Rawalpindi,0.39
2010-10-01,Rawalpindi,0.18280000000000002
2010-11-01,Rawalpindi,0.1933
2010-12-01,Rawalpindi,0.1671
2011-01-01,Rawalpindi,0.1835
2011-02-01,Rawalpindi,0.2088
2011-03-01,Rawalpindi,0.2227
2011-04-01,Rawalpindi,0.23370000000000002
2011-05-01,Rawalpindi,0.1928
2011-06-01,Rawalpindi,0.17170000000000002
2011-07-01,Rawalpindi,0.3413
2011-08-01,Rawalpindi,0.3915
2011-09-01,Rawalpindi,0.26
2011-10-01,Rawalpindi,0.2068
2011-11-01,Rawalpindi,0.1973
2011-12-01,Rawalpindi,0.154
2012-01-01,Rawalpindi,0.1524
2012-02-01,Rawalpindi,0.15810000000000002
2012-03-01,Rawalpindi,0.22560000000000002
2012-04-01,Rawalpindi,0.19740000000000002
2012-05-01,Rawalpindi,0.1686
2012-06-01,Rawalpindi,0.1395
2012-07-01,Rawalpindi,0.31520000000000004
2012-08-01,Rawalpindi,0.39130000000000004
2012-09-01,Rawalpindi,0.4418
2012-10-01,Rawalpindi,0.2325
2012-11-01,Rawalpindi,0.17200000000000001
2012-12-01,Rawalpindi,0.165
2013-01-01,Rawalpindi,0.15
2013-02-01,Rawalpindi,0.18280000000000002
2013-03-01,Rawalpindi,0.2086
2013-04-01,Rawalpindi,0.2316
2013-05-01,Rawalpindi,0.1854
2013-06-01,Rawalpindi,0.18050000000000002
2013-07-01,Rawalpindi,0.2497
2013-08-01,Rawalpindi,0.28200000000000003
2013-09-01,Rawalpindi,0.26530000000000004
2013-10-01,Rawalpindi,0.23800000000000002
2013-11-01,Rawalpindi,0.2025
2013-12-01,Rawalpindi,0.1966
2014-01-01,Rawalpindi,0.1588
2014-02-01,Rawalpindi,0.19060000000000002
2014-03-01,Rawalpindi,0.3398
2014-04-01,Rawalpindi,0.25470000000000004
2014-05-01,Rawalpindi,0.23020000000000002
2014-06-01,Rawalpindi,0.199
2014-07-01,Rawalpindi,0.26680000000000004
2014-08-01,Rawalpindi,0.27390000000000003
2014-09-01,Rawalpindi,0.28390000000000004
2014-10-01,Rawalpindi,0.215
2014-11-01,Rawalpindi,0.1888
2014-12-01,Rawalpindi,0.1641
2015-01-01,Rawalpindi,0.1705
2015-02-01,Rawalpindi,0.17450000000000002
2015-03-01,Rawalpindi,0.2301
2015-04-01,Rawalpindi,0.22490000000000002
2015-05-01,Rawalpindi,0.2333
2015-06-01,Rawalpindi,0.2177
2015-07-01,Rawalpindi,0.26890000000000003
2015-08-01,Rawalpindi,0.3178
2015-09-01,Rawalpindi,0.2599
2015-10-01,Rawalpindi,0.20620000000000002
2015-11-01,Rawalpindi,0.19890000000000002
2015-12-01,Rawalpindi,0.1786
2016-01-01,Rawalpindi,0.16720000000000002
2016-02-01,Rawalpindi,0.1824
2016-03-01,Rawalpindi,0.2142
2016-04-01,Rawalpindi,0.2384
2016-05-01,Rawalpindi,0.2034
2016-06-01,Rawalpindi,0.1695
2016-07-01,Rawalpindi,0.3592
2016-08-01,Rawalpindi,0.3057
2016-09-01,Rawalpindi,0.2383
2016-10-01,Rawalpindi,0.1908
2016-11-01,Rawalpindi,0.1487
2016-12-01,Rawalpindi,0.1274
2017-01-01,Rawalpindi,0.1481
2017-02-01,Rawalpindi,0.1509
2017-03-01,Rawalpindi,0.184
2017-04-01,Rawalpindi,0.21030000000000001
2017-05-01,Rawalpindi,0.1746
2017-06-01,Rawalpindi,0.3285
2017-07-01,Rawalpindi,0.27340000000000003
2017-08-01,Rawalpindi,0.28390000000000004
2017-09-01,Rawalpindi,0.22160000000000002
2017-10-01,Rawalpindi,0.1705
2017-11-01,Rawalpindi,0.1429
2017-12-01,Rawalpindi,0.14730000000000001
2018-01-01,Rawalpindi,0.1343
2018-02-01,Rawalpindi,0.15330000000000002
2018-03-01,Rawalpindi,0.18760000000000002
2018-04-01,Rawalpindi,0.20600000000000002
2018-05-01,Rawalpindi,0.1942
2018-06-01,Rawalpindi,0.1892
2018-07-01,Rawalpindi,0.2797
2018-08-01,Rawalpindi,0.33130000000000004
2018-09-01,Rawalpindi,0.22340000000000002
2018-10-01,Rawalpindi,0.1947
2018-11-01,Rawalpindi,0.1729
2018-12-01,Rawalpindi,0.163
2019-01-01,Rawalpindi,0.1439
2019-02-01,Rawalpindi,0.1756
2019-03-01,Rawalpindi,0.17070000000000002
2019-04-01,Rawalpindi,0.24180000000000001
2019-05-01,Rawalpindi,0.1824
2019-06-01,Rawalpindi,0.1897
2019-07-01,Rawalpindi,0.195
2019-08-01,Rawalpindi,0.24150000000000002
2019-09-01,Rawalpindi,0.22640000000000002
2019-10-01,Rawalpindi,0.20220000000000002
2019-11-01,Rawalpindi,0.2474
2019-12-01,Rawalpindi,0.1564
2020-01-01,Rawalpindi,0.14750000000000002
2020-02-01,Rawalpindi,0.16640000000000002
2020-03-01,Rawalpindi,0.19540000000000002
2020-04-01,Rawalpindi,0.24350000000000002
2020-05-01,Rawalpindi,0.20140000000000002
2020-06-01,Rawalpindi,0.2326
2020-07-01,Rawalpindi,0.1967
2020-08-01,Rawalpindi,0.2368
2020-09-01,Rawalpindi,0.21530000000000002
2020-10-01,Rawalpindi,0.18780000000000002
2020-11-01,Rawalpindi,0.1448
2020-12-01,Rawalpindi,0.2187
2021-01-01,Rawalpindi,0.13970000000000002
2021-02-01,Rawalpindi,0.1353
2021-03-01,Rawalpindi,0.1932
2021-04-01,Rawalpindi,0.18100000000000002
2021-05-01,Rawalpindi,0.1645
2021-06-01,Rawalpindi,0.1542
2021-07-01,Rawalpindi,0.18730000000000002
2021-08-01,Rawalpindi,0.21330000000000002
2021-09-01,Rawalpindi,0.18960000000000002
2021-10-01,Rawalpindi,0.183
2021-11-01,Rawalpindi,0.1711
2021-12-01,Rawalpindi,0.14880000000000002
2022-01-01,Rawalpindi,0.14350000000000002
2022-02-01,Rawalpindi,0.2456
2022-03-01,Rawalpindi,0.2013
2022-04-01,Rawalpindi,0.1733
2022-05-01,Rawalpindi,0.1408
2022-06-01,Rawalpindi,0.1361
2022-07-01,Rawalpindi,0.2278
2022-08-01,Rawalpindi,0.2691
2022-09-01,Rawalpindi,0.2291
2022-10-01,Rawalpindi,0.17370000000000002
2022-11-01,Rawalpindi,0.17
2022-12-01,Rawalpindi,0.1567
2023-01-01,Rawalpindi,0.1422
2023-02-01,Rawalpindi,0.1631
2023-03-01,Rawalpindi,0.18280000000000002
2023-04-01,Rawalpindi,0.17400000000000002
2023-05-01,Rawalpindi,0.1668
2023-06-01,Rawalpindi,0.18510000000000001
2023-07-01,Rawalpindi,0.2335
2023-08-01,Rawalpindi,0.2777
2023-09-01,Rawalpindi,0.2179
2023-10-01,Rawalpindi,0.1899
2023-11-01,Rawalpindi,0.15940000000000001
2023-12-01,Rawalpindi,0.1326
2024-01-01,Rawalpindi,0.113
2024-02-01,Rawalpindi,0.1554
2024-03-01,Rawalpindi,0.1579
2024-04-01,Rawalpindi,0.16740000000000002
2024-05-01,Rawalpindi,0.1695
2024-06-01,Rawalpindi,0.14930000000000002
2024-07-01,Rawalpindi,0.2908
2024-08-01,Rawalpindi,0.23520000000000002
2024-09-01,Rawalpindi,0.21880000000000002
2024-10-01,Rawalpindi,0.188
2024-11-01,Rawalpindi,0.1633
2024-12-01,Rawalpindi,0.1631
2025-01-01,Rawalpindi,0.12040000000000001
2025-02-01,Rawalpindi,0.1495
2025-03-01,Rawalpindi,0.1511
2025-04-01,Rawalpindi,0.1589
2025-05-01,Rawalpindi,0.1635
2025-06-01,Rawalpindi,0.35650000000000004
2025-07-01,Rawalpindi,0.27490000000000003
2025-08-01,Rawalpindi,0.24980000000000002
2025-09-01,Rawalpindi,0.2247
2025-10-01,Rawalpindi,0.1769
2025-11-01,Rawalpindi,0.1715
2025-12-01,Rawalpindi,0.191
2000-02-01,Faisalabad,0.2659
2000-03-01,Faisalabad,0.26980000000000004
2000-04-01,Faisalabad,0.24880000000000002
2000-05-01,Faisalabad,0.2503
2000-06-01,Faisalabad,0.29300000000000004
2000-07-01,Faisalabad,0.2933
2000-08-01,Faisalabad,0.3063
2000-09-01,Faisalabad,0.3148
2000-10-01,Faisalabad,0.2526
2000-11-01,Faisalabad,0.23570000000000002
2000-12-01,Faisalabad,0.18330000000000002
2001-01-01,Faisalabad,0.22510000000000002
2001-02-01,Faisalabad,0.2447
2001-03-01,Faisalabad,0.2634
2001-04-01,Faisalabad,0.25370000000000004
2001-05-01,Faisalabad,0.2101
2001-06-01,Faisalabad,0.25470000000000004
2001-07-01,Faisalabad,0.3043
2001-08-01,Faisalabad,0.3211
2001-09-01,Faisalabad,0.33
2001-10-01,Faisalabad,0.2788
2001-11-01,Faisalabad,0.28340000000000004
2001-12-01,Faisalabad,0.2038
2002-01-01,Faisalabad,0.1643
2002-02-01,Faisalabad,0.2353
2002-03-01,Faisalabad,0.2368
2002-04-01,Faisalabad,0.2291
2002-05-01,Faisalabad,0.2189
2002-06-01,Faisalabad,0.3375
2002-07-01,Faisalabad,0.29000000000000004
2002-08-01,Faisalabad,0.31420000000000003
2002-09-01,Faisalabad,0.34190000000000004
2002-10-01,Faisalabad,0.27440000000000003
2002-11-01,Faisalabad,0.2504
2002-12-01,Faisalabad,0.2318
2003-01-01,Faisalabad,0.219
2003-02-01,Faisalabad,0.2525
2003-03-01,Faisalabad,0.2952
2003-04-01,Faisalabad,0.2691
2003-05-01,Faisalabad,0.2666
2003-06-01,Faisalabad,0.251
2003-07-01,Faisalabad,0.33480000000000004
2003-08-01,Faisalabad,0.3331
2003-09-01,Faisalabad,0.33140000000000003
2003-10-01,Faisalabad,0.3035
2003-11-01,Faisalabad,0.2585
2003-12-01,Faisalabad,0.28500000000000003
2004-01-01,Faisalabad,0.301
2004-02-01,Faisalabad,0.28340000000000004
2004-03-01,Faisalabad,0.2519
2004-04-01,Faisalabad,0.26080000000000003
2004-05-01,Faisalabad,0.2142
2004-06-01,Faisalabad,0.28450000000000003
2004-07-01,Faisalabad,0.2765
2004-08-01,Faisalabad,0.27
2004-09-01,Faisalabad,0.2904
2004-10-01,Faisalabad,0.2867
2004-11-01,Faisalabad,0.18180000000000002
2004-12-01,Faisalabad,0.3229
2005-01-01,Faisalabad,0.2396
2005-02-01,Faisalabad,0.2293
2005-03-01,Faisalabad,0.27440000000000003
2005-04-01,Faisalabad,0.2544
2005-05-01,Faisalabad,0.2775
2005-06-01,Faisalabad,0.23820000000000002
2005-07-01,Faisalabad,0.3023
2005-08-01,Faisalabad,0.307
2005-09-01,Faisalabad,0.3592
2005-10-01,Faisalabad,0.2743
2005-11-01,Faisalabad,0.21180000000000002
2005-12-01,Faisalabad,0.21430000000000002
2006-01-01,Faisalabad,0.22360000000000002
2006-02-01,Faisalabad,0.1895
2006-03-01,Faisalabad,0.25880000000000003
2006-04-01,Faisalabad,0.2396
2006-05-01,Faisalabad,0.2232
2006-06-01,Faisalabad,0.2416
2006-07-01,Faisalabad,0.3085
2006-08-01,Faisalabad,0.3689
2006-09-01,Faisalabad,0.3638
2006-10-01,Faisalabad,0.2854
2006-11-01,Faisalabad,0.2785
2006-12-01,Faisalabad,0.2849
2007-01-01,Faisalabad,0.2525
2007-02-01,Faisalabad,0.28750000000000003
2007-03-01,Faisalabad,0.2726
2007-04-01,Faisalabad,0.2551
2007-05-01,Faisalabad,0.27540000000000003
2007-06-01,Faisalabad,0.2412
2007-07-01,Faisalabad,0.3121
2007-08-01,Faisalabad,0.27790000000000004
2007-09-01,Faisalabad,0.3315
2007-10-01,Faisalabad,0.2725
2007-11-01,Faisalabad,0.1824
2007-12-01,Faisalabad,0.2215
2008-01-01,Faisalabad,0.24730000000000002
2008-02-01,Faisalabad,0.21480000000000002
2008-03-01,Faisalabad,0.1925
2008-04-01,Faisalabad,0.253
2008-05-01,Faisalabad,0.21580000000000002
2008-06-01,Faisalabad,0.22540000000000002
2008-07-01,Faisalabad,0.2707
2008-08-01,Faisalabad,0.306
2008-09-01,Faisalabad,0.31820000000000004
2008-10-01,Faisalabad,0.2886
2008-11-01,Faisalabad,0.2247
2008-12-01,Faisalabad,0.33390000000000003
2009-01-01,Faisalabad,0.2041
2009-02-01,Faisalabad,0.25270000000000004
2009-03-01,Faisalabad,0.2597
2009-04-01,Faisalabad,0.2546
2009-05-01,Faisalabad,0.2394
2009-06-01,Faisalabad,0.2356
2009-07-01,Faisalabad,0.2836
2009-08-01,Faisalabad,0.28450000000000003
2009-09-01,Faisalabad,0.3412
2009-10-01,Faisalabad,0.24350000000000002
2009-11-01,Faisalabad,0.2291
2009-12-01,Faisalabad,0.2172
2010-01-01,Faisalabad,0.1908
2010-02-01,Faisalabad,0.20670000000000002
2010-03-01,Faisalabad,0.25880000000000003
2010-04-01,Faisalabad,0.227
2010-05-01,Faisalabad,0.2444
2010-06-01,Faisalabad,0.24710000000000001
2010-07-01,Faisalabad,0.33390000000000003
2010-08-01,Faisalabad,0.47000000000000003
2010-09-01,Faisalabad,0.3291
2010-10-01,Faisalabad,0.3018
2010-11-01,Faisalabad,0.2821
2010-12-01,Faisalabad,0.2615
2011-01-01,Faisalabad,0.1714
2011-02-01,Faisalabad,0.24780000000000002
2011-03-01,Faisalabad,0.26930000000000004
2011-04-01,Faisalabad,0.2672
2011-05-01,Faisalabad,0.2366
2011-06-01,Faisalabad,0.2456
2011-07-01,Faisalabad,0.2823
2011-08-01,Faisalabad,0.3648
2011-09-01,Faisalabad,0.3922
2011-10-01,Faisalabad,0.3269
2011-11-01,Faisalabad,0.2707
2011-12-01,Faisalabad,0.2793
2012-01-01,Faisalabad,0.21860000000000002
2012-02-01,Faisalabad,0.2485
2012-03-01,Faisalabad,0.22340000000000002
2012-04-01,Faisalabad,0.2841
2012-05-01,Faisalabad,0.24830000000000002
2012-06-01,Faisalabad,0.25780000000000003
2012-07-01,Faisalabad,0.2889
2012-08-01,Faisalabad,0.34390000000000004
2012-09-01,Faisalabad,0.4112
2012-10-01,Faisalabad,0.3375
2012-11-01,Faisalabad,0.2923
2012-12-01,Faisalabad,0.2932
2013-01-01,Faisalabad,0.2177
2013-02-01,Faisalabad,0.2736
2013-03-01,Faisalabad,0.3045
2013-04-01,Faisalabad,0.25220000000000004
2013-05-01,Faisalabad,0.2801
2013-06-01,Faisalabad,0.2631
2013-07-01,Faisalabad,0.30720000000000003
2013-08-01,Faisalabad,0.3342
2013-09-01,Faisalabad,0.3254
2013-10-01,Faisalabad,0.26990000000000003
2013-11-01,Faisalabad,0.2756
2013-12-01,Faisalabad,0.2331
2014-01-01,Faisalabad,0.1744
2014-02-01,Faisalabad,0.2235
2014-03-01,Faisalabad,0.2817
2014-04-01,Faisalabad,0.2641
2014-05-01,Faisalabad,0.2746
2014-06-01,Faisalabad,0.22
2014-07-01,Faisalabad,0.21910000000000002
2014-08-01,Faisalabad,0.2741
2014-09-01,Faisalabad,0.2989
2014-10-01,Faisalabad,0.2992
2014-11-01,Faisalabad,0.3486
2014-12-01,Faisalabad,0.21830000000000002
2015-01-01,Faisalabad,0.2487
2015-02-01,Faisalabad,0.2368
2015-03-01,Faisalabad,0.2685
2015-04-01,Faisalabad,0.2758
2015-05-01,Faisalabad,0.2773
2015-06-01,Faisalabad,0.2459
2015-07-01,Faisalabad,0.2636
2015-08-01,Faisalabad,0.3039
2015-09-01,Faisalabad,0.29500000000000004
2015-10-01,Faisalabad,0.29500000000000004
2015-11-01,Faisalabad,0.2675
2015-12-01,Faisalabad,0.2543
2016-01-01,Faisalabad,0.24020000000000002
2016-02-01,Faisalabad,0.21480000000000002
2016-03-01,Faisalabad,0.22410000000000002
2016-04-01,Faisalabad,0.25630000000000003
2016-05-01,Faisalabad,0.2384
2016-06-01,Faisalabad,0.2551
2016-07-01,Faisalabad,0.2893
2016-08-01,Faisalabad,0.28350000000000003
2016-09-01,Faisalabad,0.3387
2016-10-01,Faisalabad,0.22760000000000002
2016-11-01,Faisalabad,0.2087
2016-12-01,Faisalabad,0.2039
2017-01-01,Faisalabad,0.20470000000000002
2017-02-01,Faisalabad,0.2582
2017-03-01,Faisalabad,0.2381
2017-04-01,Faisalabad,0.2422
2017-05-01,Faisalabad,0.2441
2017-06-01,Faisalabad,0.23120000000000002
2017-07-01,Faisalabad,0.2559
2017-08-01,Faisalabad,0.24830000000000002
2017-09-01,Faisalabad,0.2944
2017-10-01,Faisalabad,0.233
2017-11-01,Faisalabad,0.23320000000000002
2017-12-01,Faisalabad,0.2141
2018-01-01,Faisalabad,0.19060000000000002
2018-02-01,Faisalabad,0.2187
2018-03-01,Faisalabad,0.24650000000000002
2018-04-01,Faisalabad,0.2328
2018-05-01,Faisalabad,0.2388
2018-06-01,Faisalabad,0.2242
2018-07-01,Faisalabad,0.3176
2018-08-01,Faisalabad,0.2924
2018-09-01,Faisalabad,0.29050000000000004
2018-10-01,Faisalabad,0.2892
2018-11-01,Faisalabad,0.2404
2018-12-01,Faisalabad,0.2727
2019-01-01,Faisalabad,0.21630000000000002
2019-02-01,Faisalabad,0.27030000000000004
2019-03-01,Faisalabad,0.2801
2019-04-01,Faisalabad,0.25930000000000003
2019-05-01,Faisalabad,0.32330000000000003
2019-06-01,Faisalabad,0.2731
2019-07-01,Faisalabad,0.27540000000000003
2019-08-01,Faisalabad,0.3517
2019-09-01,Faisalabad,0.3496
2019-10-01,Faisalabad,0.3214
2019-11-01,Faisalabad,0.2896
2019-12-01,Faisalabad,0.27840000000000004
2020-01-01,Faisalabad,0.2852
2020-02-01,Faisalabad,0.274
2020-03-01,Faisalabad,0.3659
2020-04-01,Faisalabad,0.2903
2020-05-01,Faisalabad,0.2836
2020-06-01,Faisalabad,0.28650000000000003
2020-07-01,Faisalabad,0.32130000000000003
2020-08-01,Faisalabad,0.3764
2020-09-01,Faisalabad,0.2947
2020-10-01,Faisalabad,0.2716
2020-11-01,Faisalabad,0.22840000000000002
2020-12-01,Faisalabad,0.25070000000000003
2021-01-01,Faisalabad,0.27080000000000004
2021-02-01,Faisalabad,0.2023
2021-03-01,Faisalabad,0.2651
2021-04-01,Faisalabad,0.2911
2021-05-01,Faisalabad,0.2523
2021-06-01,Faisalabad,0.2293
2021-07-01,Faisalabad,0.28850000000000003
2021-08-01,Faisalabad,0.2947
2021-09-01,Faisalabad,0.26990000000000003
2021-10-01,Faisalabad,0.27740000000000004
2021-11-01,Faisalabad,0.2499
2021-12-01,Faisalabad,0.2541
2022-01-01,Faisalabad,0.2731
2022-02-01,Faisalabad,0.23620000000000002
2022-03-01,Faisalabad,0.2811
2022-04-01,Faisalabad,0.2503
2022-05-01,Faisalabad,0.2313
2022-06-01,Faisalabad,0.2871
2022-07-01,Faisalabad,0.25220000000000004
2022-08-01,Faisalabad,0.3708
2022-09-01,Faisalabad,0.343
2022-10-01,Faisalabad,0.3135
2022-11-01,Faisalabad,0.3215
2022-12-01,Faisalabad,0.30610000000000004
2023-01-01,Faisalabad,0.2474
2023-02-01,Faisalabad,0.2323
2023-03-01,Faisalabad,0.2828
2023-04-01,Faisalabad,0.2887
2023-05-01,Faisalabad,0.3144
2023-06-01,Faisalabad,0.2995
2023-07-01,Faisalabad,0.3355
2023-08-01,Faisalabad,0.3335
2023-09-01,Faisalabad,0.3504
2023-10-01,Faisalabad,0.342
2023-11-01,Faisalabad,0.3836
2023-12-01,Faisalabad,0.4248
2024-01-01,Faisalabad,0.17
2024-02-01,Faisalabad,0.2612
2024-03-01,Faisalabad,0.2686
2024-04-01,Faisalabad,0.2768
2024-05-01,Faisalabad,0.24650000000000002
2024-06-01,Faisalabad,0.2559
2024-07-01,Faisalabad,0.3183
2024-08-01,Faisalabad,0.4057
2024-09-01,Faisalabad,0.3553
2024-10-01,Faisalabad,0.2963
2024-11-01,Faisalabad,0.2752
2024-12-01,Faisalabad,0.2771
2025-01-01,Faisalabad,0.2426
2025-02-01,Faisalabad,0.2417
2025-03-01,Faisalabad,0.2907
2025-04-01,Faisalabad,0.2296
2025-05-01,Faisalabad,0.2787
2025-06-01,Faisalabad,0.253
2025-07-01,Faisalabad,0.30720000000000003
2025-08-01,Faisalabad,0.3703
2025-09-01,Faisalabad,0.3755
2025-10-01,Faisalabad,0.38480000000000003
2025-11-01,Faisalabad,0.3009
2025-12-01,Faisalabad,0.2417
2000-02-01,Multan,0.43820000000000003
2000-03-01,Multan,0.44570000000000004
2000-04-01,Multan,0.3225
2000-05-01,Multan,0.27340000000000003
2000-06-01,Multan,0.2551
2000-07-01,Multan,0.32220000000000004
2000-08-01,Multan,0.31720000000000004
2000-09-01,Multan,0.3291
2000-10-01,Multan,0.3467
2000-11-01,Multan,0.3008
2000-12-01,Multan,0.3057
2001-01-01,Multan,0.4198
2001-02-01,Multan,0.4354
2001-03-01,Multan,0.3776
2001-04-01,Multan,0.31020000000000003
2001-05-01,Multan,0.24860000000000002
2001-06-01,Multan,0.28400000000000003
2001-07-01,Multan,0.3628
2001-08-01,Multan,0.31170000000000003
2001-09-01,Multan,0.31930000000000003
2001-10-01,Multan,0.32130000000000003
2001-11-01,Multan,0.32930000000000004
2001-12-01,Multan,0.3365
2002-01-01,Multan,0.34750000000000003
2002-02-01,Multan,0.3561
2002-03-01,Multan,0.3975
2002-04-01,Multan,0.3174
2002-05-01,Multan,0.2842
2002-06-01,Multan,0.2873
2002-07-01,Multan,0.2987
2002-08-01,Multan,0.2795
2002-09-01,Multan,0.3443
2002-10-01,Multan,0.3315
2002-11-01,Multan,0.3309
2002-12-01,Multan,0.29450000000000004
2003-01-01,Multan,0.3685
2003-02-01,Multan,0.4237
2003-03-01,Multan,0.38770000000000004
2003-04-01,Multan,0.3138
2003-05-01,Multan,0.2871
2003-06-01,Multan,0.29560000000000003
2003-07-01,Multan,0.33540000000000003
2003-08-01,Multan,0.336
2003-09-01,Multan,0.3558
2003-10-01,Multan,0.32880000000000004
2003-11-01,Multan,0.2992
2003-12-01,Multan,0.2977
2004-01-01,Multan,0.36970000000000003
2004-02-01,Multan,0.4101
2004-03-01,Multan,0.3976
2004-04-01,Multan,0.31930000000000003
2004-05-01,Multan,0.2821
2004-06-01,Multan,0.3028
2004-07-01,Multan,0.3145
2004-08-01,Multan,0.3997
2004-09-01,Multan,0.3554
2004-10-01,Multan,0.3321
2004-11-01,Multan,0.31980000000000003
2004-12-01,Multan,0.402
2005-01-01,Multan,0.43970000000000004
2005-02-01,Multan,0.5165000000000001
2005-03-01,Multan,0.46490000000000004
2005-04-01,Multan,0.5114000000000001
2005-05-01,Multan,0.3297
2005-06-01,Multan,0.3362
2005-07-01,Multan,0.3831
2005-08-01,Multan,0.3723
2005-09-01,Multan,0.382
2005-10-01,Multan,0.35700000000000004
2005-11-01,Multan,0.3017
2005-12-01,Multan,0.3171
2006-01-01,Multan,0.4143
2006-02-01,Multan,0.4671
2006-03-01,Multan,0.4287
2006-04-01,Multan,0.3509
2006-05-01,Multan,0.28700000000000003
2006-06-01,Multan,0.33140000000000003
2006-07-01,Multan,0.3002
2006-08-01,Multan,0.4001
2006-09-01,Multan,0.36460000000000004
2006-10-01,Multan,0.3214
2006-11-01,Multan,0.3284
2006-12-01,Multan,0.391
2007-01-01,Multan,0.3972
2007-02-01,Multan,0.5131
2007-03-01,Multan,0.4615
2007-04-01,Multan,0.3604
2007-05-01,Multan,0.29650000000000004
2007-06-01,Multan,0.3357
2007-07-01,Multan,0.4234
2007-08-01,Multan,0.3884
2007-09-01,Multan,0.3791
2007-10-01,Multan,0.3482
2007-11-01,Multan,0.3375
2007-12-01,Multan,0.31930000000000003
2008-01-01,Multan,0.3976
2008-02-01,Multan,0.35450000000000004
2008-03-01,Multan,0.3472
2008-04-01,Multan,0.3245
2008-05-01,Multan,0.3145
2008-06-01,Multan,0.2867
2008-07-01,Multan,0.3155
2008-08-01,Multan,0.35800000000000004
2008-09-01,Multan,0.3659
2008-10-01,Multan,0.3063
2008-11-01,Multan,0.26880000000000004
2008-12-01,Multan,0.3627
2009-01-01,Multan,0.45070000000000005
2009-02-01,Multan,0.4272
2009-03-01,Multan,0.3942
2009-04-01,Multan,0.3083
2009-05-01,Multan,0.26980000000000004
2009-06-01,Multan,0.26480000000000004
2009-07-01,Multan,0.35350000000000004
2009-08-01,Multan,0.3164
2009-09-01,Multan,0.33530000000000004
2009-10-01,Multan,0.2831
2009-11-01,Multan,0.2262
2009-12-01,Multan,0.36910000000000004
2010-01-01,Multan,0.3486
2010-02-01,Multan,0.3401
2010-03-01,Multan,0.3181
2010-04-01,Multan,0.254
2010-05-01,Multan,0.2114
2010-06-01,Multan,0.2479
2010-07-01,Multan,0.5081
2010-08-01,Multan,0.4097
2010-09-01,Multan,0.3406
2010-10-01,Multan,0.3053
2010-11-01,Multan,0.2627
2010-12-01,Multan,0.2871
2011-01-01,Multan,0.3115
2011-02-01,Multan,0.3396
2011-03-01,Multan,0.3065
2011-04-01,Multan,0.2659
2011-05-01,Multan,0.2379
2011-06-01,Multan,0.2358
2011-07-01,Multan,0.28140000000000004
2011-08-01,Multan,0.3256
2011-09-01,Multan,0.37410000000000004
2011-10-01,Multan,0.3244
2011-11-01,Multan,0.2621
2011-12-01,Multan,0.2841
2012-01-01,Multan,0.2929
2012-02-01,Multan,0.2831
2012-03-01,Multan,0.2597
2012-04-01,Multan,0.26130000000000003
2012-05-01,Multan,0.24230000000000002
2012-06-01,Multan,0.22660000000000002
2012-07-01,Multan,0.2508
2012-08-01,Multan,0.30260000000000004
2012-09-01,Multan,0.36110000000000003
2012-10-01,Multan,0.3195
2012-11-01,Multan,0.2684
2012-12-01,Multan,0.3267
2013-01-01,Multan,0.31270000000000003
2013-02-01,Multan,0.3753
2013-03-01,Multan,0.33380000000000004
2013-04-01,Multan,0.2909
2013-05-01,Multan,0.2464
2013-06-01,Multan,0.31980000000000003
2013-07-01,Multan,0.2899
2013-08-01,Multan,0.3205
2013-09-01,Multan,0.2624
2013-10-01,Multan,0.2534
2013-11-01,Multan,0.2464
2013-12-01,Multan,0.2446
2014-01-01,Multan,0.30510000000000004
2014-02-01,Multan,0.3234
2014-03-01,Multan,0.2903
2014-04-01,Multan,0.2477
2014-05-01,Multan,0.2144
2014-06-01,Multan,0.2303
2014-07-01,Multan,0.267
2014-08-01,Multan,0.27840000000000004
2014-09-01,Multan,0.3446
2014-10-01,Multan,0.2964
2014-11-01,Multan,0.2772
2014-12-01,Multan,0.2773
2015-01-01,Multan,0.3849
2015-02-01,Multan,0.3241
2015-03-01,Multan,0.2796
2015-04-01,Multan,0.2811
2015-05-01,Multan,0.2645
2015-06-01,Multan,0.2626
2015-07-01,Multan,0.3563
2015-08-01,Multan,0.3851
2015-09-01,Multan,0.33340000000000003
2015-10-01,Multan,0.3148
2015-11-01,Multan,0.2705
2015-12-01,Multan,0.26230000000000003
2016-01-01,Multan,0.3131
2016-02-01,Multan,0.3044
2016-03-01,Multan,0.3043
2016-04-01,Multan,0.2715
2016-05-01,Multan,0.25730000000000003
2016-06-01,Multan,0.22490000000000002
2016-07-01,Multan,0.2601
2016-08-01,Multan,0.2988
2016-09-01,Multan,0.28800000000000003
2016-10-01,Multan,0.2742
2016-11-01,Multan,0.2116
2016-12-01,Multan,0.24080000000000001
2017-01-01,Multan,0.24780000000000002
2017-02-01,Multan,0.2858
2017-03-01,Multan,0.5095000000000001
2017-04-01,Multan,0.2459
2017-05-01,Multan,0.272
2017-06-01,Multan,0.2771
2017-07-01,Multan,0.279
2017-08-01,Multan,0.27890000000000004
2017-09-01,Multan,0.3366
2017-10-01,Multan,0.266
2017-11-01,Multan,0.2316
2017-12-01,Multan,0.23470000000000002
2018-01-01,Multan,0.2913
2018-02-01,Multan,0.3054
2018-03-01,Multan,0.2265
2018-04-01,Multan,0.23870000000000002
2018-05-01,Multan,0.2083
2018-06-01,Multan,0.21630000000000002
2018-07-01,Multan,0.2281
2018-08-01,Multan,0.23850000000000002
2018-09-01,Multan,0.2331
2018-10-01,Multan,0.22510000000000002
2018-11-01,Multan,0.21300000000000002
2018-12-01,Multan,0.2609
2019-01-01,Multan,0.19290000000000002
2019-02-01,Multan,0.26080000000000003
2019-03-01,Multan,0.1986
2019-04-01,Multan,0.22490000000000002
2019-05-01,Multan,0.23570000000000002
2019-06-01,Multan,0.26930000000000004
2019-07-01,Multan,0.28500000000000003
2019-08-01,Multan,0.3018
2019-09-01,Multan,0.3336
2019-10-01,Multan,0.278
2019-11-01,Multan,0.2967
2019-12-01,Multan,0.3
2020-01-01,Multan,0.341
2020-02-01,Multan,0.3496
2020-03-01,Multan,0.40740000000000004
2020-04-01,Multan,0.3553
2020-05-01,Multan,0.2807
2020-06-01,Multan,0.24600000000000002
2020-07-01,Multan,0.2691
2020-08-01,Multan,0.32070000000000004
2020-09-01,Multan,0.33890000000000003
2020-10-01,Multan,0.2447
2020-11-01,Multan,0.2508
2020-12-01,Multan,0.2785
2021-01-01,Multan,0.2341
2021-02-01,Multan,0.26030000000000003
2021-03-01,Multan,0.3373
2021-04-01,Multan,0.2715
2021-05-01,Multan,0.19970000000000002
2021-06-01,Multan,0.229
2021-07-01,Multan,0.2906
2021-08-01,Multan,0.28400000000000003
2021-09-01,Multan,0.29350000000000004
2021-10-01,Multan,0.24250000000000002
2021-11-01,Multan,0.35800000000000004
2021-12-01,Multan,0.39780000000000004
2022-01-01,Multan,0.29710000000000003
2022-02-01,Multan,0.2995
2022-03-01,Multan,0.2752
2022-04-01,Multan,0.2026
2022-05-01,Multan,0.18860000000000002
2022-06-01,Multan,0.2487
2022-07-01,Multan,0.33540000000000003
2022-08-01,Multan,0.3113
2022-09-01,Multan,0.3294
2022-10-01,Multan,0.2636
2022-11-01,Multan,0.3058
2022-12-01,Multan,0.3024
2023-01-01,Multan,0.2651
2023-02-01,Multan,0.22560000000000002
2023-03-01,Multan,0.2283
2023-04-01,Multan,0.2958
2023-05-01,Multan,0.3769
2023-06-01,Multan,0.2867
2023-07-01,Multan,0.2635
2023-08-01,Multan,0.26730000000000004
2023-09-01,Multan,0.2743
2023-10-01,Multan,0.3054
2023-11-01,Multan,0.2326
2023-12-01,Multan,0.21300000000000002
2024-01-01,Multan,0.2034
2024-02-01,Multan,0.202
2024-03-01,Multan,0.2199
2024-04-01,Multan,0.5512
2024-05-01,Multan,0.5512
2024-06-01,Multan,0.24530000000000002
2024-07-01,Multan,0.28550000000000003
2024-08-01,Multan,0.27340000000000003
2024-09-01,Multan,0.365
2024-10-01,Multan,0.30720000000000003
2024-11-01,Multan,0.2384
2024-12-01,Multan,0.19
2025-01-01,Multan,0.1991
2025-02-01,Multan,0.20020000000000002
2025-03-01,Multan,0.26380000000000003
2025-04-01,Multan,0.3156
2025-05-01,Multan,0.22710000000000002
2025-06-01,Multan,0.2139
2025-07-01,Multan,0.2602
2025-08-01,Multan,0.4038
2025-09-01,Multan,0.3925
2025-10-01,Multan,0.3541
2025-11-01,Multan,0.2712
2025-12-01,Multan,0.3255
2000-02-01,Peshawar,0.3022
2000-03-01,Peshawar,0.2624
2000-04-01,Peshawar,0.2625
2000-05-01,Peshawar,0.2169
2000-06-01,Peshawar,0.2263
2000-07-01,Peshawar,0.2858
2000-08-01,Peshawar,0.2722
2000-09-01,Peshawar,0.2492
2000-10-01,Peshawar,0.24380000000000002
2000-11-01,Peshawar,0.2477
2000-12-01,Peshawar,0.264
2001-01-01,Peshawar,0.26890000000000003
2001-02-01,Peshawar,0.2083
2001-03-01,Peshawar,0.2555
2001-04-01,Peshawar,0.2726
2001-05-01,Peshawar,0.2278
2001-06-01,Peshawar,0.2384
2001-07-01,Peshawar,0.279
2001-08-01,Peshawar,0.26430000000000003
2001-09-01,Peshawar,0.24480000000000002
2001-10-01,Peshawar,0.228
2001-11-01,Peshawar,0.2702
2001-12-01,Peshawar,0.232
2002-01-01,Peshawar,0.24750000000000003
2002-02-01,Peshawar,0.2836
2002-03-01,Peshawar,0.2995
2002-04-01,Peshawar,0.2879
2002-05-01,Peshawar,0.23570000000000002
2002-06-01,Peshawar,0.2393
2002-07-01,Peshawar,0.2467
2002-08-01,Peshawar,0.2862
2002-09-01,Peshawar,0.3029
2002-10-01,Peshawar,0.23290000000000002
2002-11-01,Peshawar,0.2682
2002-12-01,Peshawar,0.2431
2003-01-01,Peshawar,0.2636
2003-02-01,Peshawar,0.3078
2003-03-01,Peshawar,0.2931
2003-04-01,Peshawar,0.28140000000000004
2003-05-01,Peshawar,0.24930000000000002
2003-06-01,Peshawar,0.2257
2003-07-01,Peshawar,0.2591
2003-08-01,Peshawar,0.27240000000000003
2003-09-01,Peshawar,0.2649
2003-10-01,Peshawar,0.2606
2003-11-01,Peshawar,0.2792
2003-12-01,Peshawar,0.2524
2004-01-01,Peshawar,0.3311
2004-02-01,Peshawar,0.3256
2004-03-01,Peshawar,0.2822
2004-04-01,Peshawar,0.2782
2004-05-01,Peshawar,0.24780000000000002
2004-06-01,Peshawar,0.22460000000000002
2004-07-01,Peshawar,0.2487
2004-08-01,Peshawar,0.26980000000000004
2004-09-01,Peshawar,0.2379
2004-10-01,Peshawar,0.2529
2004-11-01,Peshawar,0.25070000000000003
2004-12-01,Peshawar,0.30860000000000004
2005-01-01,Peshawar,0.3186
2005-02-01,Peshawar,0.318
2005-03-01,Peshawar,0.32030000000000003
2005-04-01,Peshawar,0.2864
2005-05-01,Peshawar,0.2742
2005-06-01,Peshawar,0.2549
2005-07-01,Peshawar,0.2529
2005-08-01,Peshawar,0.2866
2005-09-01,Peshawar,0.2802
2005-10-01,Peshawar,0.2609
2005-11-01,Peshawar,0.2705
2005-12-01,Peshawar,0.2252
2006-01-01,Peshawar,0.28600000000000003
2006-02-01,Peshawar,0.2836
2006-03-01,Peshawar,0.3351
2006-04-01,Peshawar,0.2821
2006-05-01,Peshawar,0.2401
2006-06-01,Peshawar,0.2215
2006-07-01,Peshawar,0.2566
2006-08-01,Peshawar,0.2647
2006-09-01,Peshawar,0.26830000000000004
2006-10-01,Peshawar,0.24530000000000002
2006-11-01,Peshawar,0.30160000000000003
2006-12-01,Peshawar,0.275
2007-01-01,Peshawar,0.2634
2007-02-01,Peshawar,0.26930000000000004
2007-03-01,Peshawar,0.3204
2007-04-01,Peshawar,0.2788
2007-05-01,Peshawar,0.24400000000000002
2007-06-01,Peshawar,0.22640000000000002
2007-07-01,Peshawar,0.25070000000000003
2007-08-01,Peshawar,0.27440000000000003
2007-09-01,Peshawar,0.2604
2007-10-01,Peshawar,0.24810000000000001
2007-11-01,Peshawar,0.23870000000000002
2007-12-01,Peshawar,0.25830000000000003
2008-01-01,Peshawar,0.30910000000000004
2008-02-01,Peshawar,0.24500000000000002
2008-03-01,Peshawar,0.2508
2008-04-01,Peshawar,0.2811
2008-05-01,Peshawar,0.2404
2008-06-01,Peshawar,0.2684
2008-07-01,Peshawar,0.2755
2008-08-01,Peshawar,0.2979
2008-09-01,Peshawar,0.26130000000000003
2008-10-01,Peshawar,0.2396
2008-11-01,Peshawar,0.22870000000000001
2008-12-01,Peshawar,0.23450000000000001
2009-01-01,Peshawar,0.3042
2009-02-01,Peshawar,0.3398
2009-03-01,Peshawar,0.2726
2009-04-01,Peshawar,0.28250000000000003
2009-05-01,Peshawar,0.23220000000000002
2009-06-01,Peshawar,0.2285
2009-07-01,Peshawar,0.23340000000000002
2009-08-01,Peshawar,0.26130000000000003
2009-09-01,Peshawar,0.2747
2009-10-01,Peshawar,0.2255
2009-11-01,Peshawar,0.2582
2009-12-01,Peshawar,0.2461
2010-01-01,Peshawar,0.23220000000000002
2010-02-01,Peshawar,0.23820000000000002
2010-03-01,Peshawar,0.2788
2010-04-01,Peshawar,0.2495
2010-05-01,Peshawar,0.23140000000000002
2010-06-01,Peshawar,0.2192
2010-07-01,Peshawar,0.23290000000000002
2010-08-01,Peshawar,0.30010000000000003
2010-09-01,Peshawar,0.24700000000000003
2010-10-01,Peshawar,0.2406
2010-11-01,Peshawar,0.2373
2010-12-01,Peshawar,0.2054
2011-01-01,Peshawar,0.23370000000000002
2011-02-01,Peshawar,0.33190000000000003
2011-03-01,Peshawar,0.24000000000000002
2011-04-01,Peshawar,0.2645
2011-05-01,Peshawar,0.23420000000000002
2011-06-01,Peshawar,0.21880000000000002
2011-07-01,Peshawar,0.25670000000000004
2011-08-01,Peshawar,0.2806
2011-09-01,Peshawar,0.2621
2011-10-01,Peshawar,0.2536
2011-11-01,Peshawar,0.28750000000000003
2011-12-01,Peshawar,0.2354
2012-01-01,Peshawar,0.24280000000000002
2012-02-01,Peshawar,0.2446
2012-03-01,Peshawar,0.24380000000000002
2012-04-01,Peshawar,0.2558
2012-05-01,Peshawar,0.23500000000000001
2012-06-01,Peshawar,0.2146
2012-07-01,Peshawar,0.2273
2012-08-01,Peshawar,0.256
2012-09-01,Peshawar,0.2696
2012-10-01,Peshawar,0.2467
2012-11-01,Peshawar,0.2401
2012-12-01,Peshawar,0.2396
2013-01-01,Peshawar,0.2591
2013-02-01,Peshawar,0.31930000000000003
2013-03-01,Peshawar,0.2888
2013-04-01,Peshawar,0.2725
2013-05-01,Peshawar,0.22760000000000002
2013-06-01,Peshawar,0.23550000000000001
2013-07-01,Peshawar,0.24910000000000002
2013-08-01,Peshawar,0.30860000000000004
2013-09-01,Peshawar,0.2446
2013-10-01,Peshawar,0.26030000000000003
2013-11-01,Peshawar,0.23920000000000002
2013-12-01,Peshawar,0.2293
2014-01-01,Peshawar,0.2189
2014-02-01,Peshawar,0.225
2014-03-01,Peshawar,0.2273
2014-04-01,Peshawar,0.2805
2014-05-01,Peshawar,0.2404
2014-06-01,Peshawar,0.21230000000000002
2014-07-01,Peshawar,0.2316
2014-08-01,Peshawar,0.2363
2014-09-01,Peshawar,0.2384
2014-10-01,Peshawar,0.2441
2014-11-01,Peshawar,0.2291
2014-12-01,Peshawar,0.20350000000000001
2015-01-01,Peshawar,0.2114
2015-02-01,Peshawar,0.22590000000000002
2015-03-01,Peshawar,0.2798
2015-04-01,Peshawar,0.2681
2015-05-01,Peshawar,0.23020000000000002
2015-06-01,Peshawar,0.2122
2015-07-01,Peshawar,0.2489
2015-08-01,Peshawar,0.2826
2015-09-01,Peshawar,0.29350000000000004
2015-10-01,Peshawar,0.2432
2015-11-01,Peshawar,0.2733
2015-12-01,Peshawar,0.2634
2016-01-01,Peshawar,0.2497
2016-02-01,Peshawar,0.2101
2016-03-01,Peshawar,0.2755
2016-04-01,Peshawar,0.2672
2016-05-01,Peshawar,0.21000000000000002
2016-06-01,Peshawar,0.19460000000000002
2016-07-01,Peshawar,0.229
2016-08-01,Peshawar,0.24150000000000002
2016-09-01,Peshawar,0.22410000000000002
2016-10-01,Peshawar,0.21130000000000002
2016-11-01,Peshawar,0.1855
2016-12-01,Peshawar,0.1766
2017-01-01,Peshawar,0.25420000000000004
2017-02-01,Peshawar,0.2071
2017-03-01,Peshawar,0.25020000000000003
2017-04-01,Peshawar,0.24710000000000001
2017-05-01,Peshawar,0.20980000000000001
2017-06-01,Peshawar,0.2112
2017-07-01,Peshawar,0.2544
2017-08-01,Peshawar,0.2716
2017-09-01,Peshawar,0.23970000000000002
2017-10-01,Peshawar,0.2044
2017-11-01,Peshawar,0.2321
2017-12-01,Peshawar,0.2073
2018-01-01,Peshawar,0.20140000000000002
2018-02-01,Peshawar,0.1958
2018-03-01,Peshawar,0.25470000000000004
2018-04-01,Peshawar,0.232
2018-05-01,Peshawar,0.2253
2018-06-01,Peshawar,0.1895
2018-07-01,Peshawar,0.23270000000000002
2018-08-01,Peshawar,0.24980000000000002
2018-09-01,Peshawar,0.2393
2018-10-01,Peshawar,0.2078
2018-11-01,Peshawar,0.22490000000000002
2018-12-01,Peshawar,0.2436
2019-01-01,Peshawar,0.20900000000000002
2019-02-01,Peshawar,0.2336
2019-03-01,Peshawar,0.2484
2019-04-01,Peshawar,0.2606
2019-05-01,Peshawar,0.23270000000000002
2019-06-01,Peshawar,0.2109
2019-07-01,Peshawar,0.2071
2019-08-01,Peshawar,0.264
2019-09-01,Peshawar,0.2328
2019-10-01,Peshawar,0.2272
2019-11-01,Peshawar,0.2417
2019-12-01,Peshawar,0.22410000000000002
2020-01-01,Peshawar,0.2268
2020-02-01,Peshawar,0.2546
2020-03-01,Peshawar,0.3492
2020-04-01,Peshawar,0.27640000000000003
2020-05-01,Peshawar,0.23500000000000001
2020-06-01,Peshawar,0.21450000000000002
2020-07-01,Peshawar,0.2218
2020-08-01,Peshawar,0.2262
2020-09-01,Peshawar,0.2485
2020-10-01,Peshawar,0.2495
2020-11-01,Peshawar,0.22840000000000002
2020-12-01,Peshawar,0.2539
2021-01-01,Peshawar,0.23390000000000002
2021-02-01,Peshawar,0.2298
2021-03-01,Peshawar,0.2383
2021-04-01,Peshawar,0.2154
2021-05-01,Peshawar,0.21330000000000002
2021-06-01,Peshawar,0.1821
2021-07-01,Peshawar,0.22440000000000002
2021-08-01,Peshawar,0.2325
2021-09-01,Peshawar,0.23500000000000001
2021-10-01,Peshawar,0.1899
2021-11-01,Peshawar,0.1794
2021-12-01,Peshawar,0.1686
2022-01-01,Peshawar,0.2484
2022-02-01,Peshawar,0.2089
2022-03-01,Peshawar,0.24200000000000002
2022-04-01,Peshawar,0.23020000000000002
2022-05-01,Peshawar,0.2008
2022-06-01,Peshawar,0.18050000000000002
2022-07-01,Peshawar,0.23920000000000002
2022-08-01,Peshawar,0.23800000000000002
2022-09-01,Peshawar,0.23370000000000002
2022-10-01,Peshawar,0.2086
2022-11-01,Peshawar,0.2614
2022-12-01,Peshawar,0.18480000000000002
2023-01-01,Peshawar,0.18430000000000002
2023-02-01,Peshawar,0.2006
2023-03-01,Peshawar,0.2147
2023-04-01,Peshawar,0.2214
2023-05-01,Peshawar,0.2117
2023-06-01,Peshawar,0.20900000000000002
2023-07-01,Peshawar,0.224
2023-08-01,Peshawar,0.22110000000000002
2023-09-01,Peshawar,0.21330000000000002
2023-10-01,Peshawar,0.22
2023-11-01,Peshawar,0.1791
2023-12-01,Peshawar,0.1754
2024-01-01,Peshawar,0.1917
2024-02-01,Peshawar,0.188
2024-03-01,Peshawar,0.21980000000000002
2024-04-01,Peshawar,0.23140000000000002
2024-05-01,Peshawar,0.2102
2024-06-01,Peshawar,0.2082
2024-07-01,Peshawar,0.23470000000000002
2024-08-01,Peshawar,0.2656
2024-09-01,Peshawar,0.2631
2024-10-01,Peshawar,0.24430000000000002
2024-11-01,Peshawar,0.2456
2024-12-01,Peshawar,0.2039
2025-01-01,Peshawar,0.182
2025-02-01,Peshawar,0.20400000000000001
2025-03-01,Peshawar,0.2587
2025-04-01,Peshawar,0.2374
2025-05-01,Peshawar,0.19840000000000002
2025-06-01,Peshawar,0.22260000000000002
2025-07-01,Peshawar,0.22970000000000002
2025-08-01,Peshawar,0.24760000000000001
2025-09-01,Peshawar,0.248
2025-10-01,Peshawar,0.2273
2025-11-01,Peshawar,0.18230000000000002
2025-12-01,Peshawar,0.1955
2000-02-01,Quetta,0.10020000000000001
2000-03-01,Quetta,0.08940000000000001
2000-04-01,Quetta,0.10490000000000001
2000-05-01,Quetta,0.11460000000000001
2000-06-01,Quetta,0.1148
2000-07-01,Quetta,0.1159
2000-08-01,Quetta,0.10690000000000001
2000-09-01,Quetta,0.11220000000000001
2000-10-01,Quetta,0.1197
2000-11-01,Quetta,0.12010000000000001
2000-12-01,Quetta,0.1242
2001-01-01,Quetta,0.0974
2001-02-01,Quetta,0.09730000000000001
2001-03-01,Quetta,0.1023
2001-04-01,Quetta,0.1144
2001-05-01,Quetta,0.12000000000000001
2001-06-01,Quetta,0.116
2001-07-01,Quetta,0.1237
2001-08-01,Quetta,0.11280000000000001
2001-09-01,Quetta,0.1259
2001-10-01,Quetta,0.1343
2001-11-01,Quetta,0.12000000000000001
2001-12-01,Quetta,0.1056
2002-01-01,Quetta,0.1154
2002-02-01,Quetta,0.10700000000000001
2002-03-01,Quetta,0.11040000000000001
2002-04-01,Quetta,0.1109
2002-05-01,Quetta,0.12250000000000001
2002-06-01,Quetta,0.13090000000000002
2002-07-01,Quetta,0.1308
2002-08-01,Quetta,0.134
2002-09-01,Quetta,0.134
2002-10-01,Quetta,0.1213
2002-11-01,Quetta,0.14650000000000002
2002-12-01,Quetta,0.11220000000000001
2003-01-01,Quetta,0.1073
2003-02-01,Quetta,0.11420000000000001
2003-03-01,Quetta,0.11030000000000001
2003-04-01,Quetta,0.124
2003-05-01,Quetta,0.12150000000000001
2003-06-01,Quetta,0.1298
2003-07-01,Quetta,0.14930000000000002
2003-08-01,Quetta,0.1332
2003-09-01,Quetta,0.13670000000000002
2003-10-01,Quetta,0.13620000000000002
2003-11-01,Quetta,0.1348
2003-12-01,Quetta,0.1149
2004-01-01,Quetta,0.11420000000000001
2004-02-01,Quetta,0.116
2004-03-01,Quetta,0.126
2004-04-01,Quetta,0.1227
2004-05-01,Quetta,0.13090000000000002
2004-06-01,Quetta,0.1395
2004-07-01,Quetta,0.12610000000000002
2004-08-01,Quetta,0.1268
2004-09-01,Quetta,0.1227
2004-10-01,Quetta,0.1291
2004-11-01,Quetta,0.1183
2004-12-01,Quetta,0.1136
2005-01-01,Quetta,0.1121
2005-02-01,Quetta,0.1022
2005-03-01,Quetta,0.1114
2005-04-01,Quetta,0.11380000000000001
2005-05-01,Quetta,0.1295
2005-06-01,Quetta,0.1522
2005-07-01,Quetta,0.1495
2005-08-01,Quetta,0.1495
2005-09-01,Quetta,0.1338
2005-10-01,Quetta,0.1414
2005-11-01,Quetta,0.1341
2005-12-01,Quetta,0.1144
2006-01-01,Quetta,0.1022
2006-02-01,Quetta,0.1053
2006-03-01,Quetta,0.1174
2006-04-01,Quetta,0.11560000000000001
2006-05-01,Quetta,0.1272
2006-06-01,Quetta,0.1416
2006-07-01,Quetta,0.1492
2006-08-01,Quetta,0.12190000000000001
2006-09-01,Quetta,0.13290000000000002
2006-10-01,Quetta,0.1469
2006-11-01,Quetta,0.1404
2006-12-01,Quetta,0.1188
2007-01-01,Quetta,0.1034
2007-02-01,Quetta,0.10790000000000001
2007-03-01,Quetta,0.1163
2007-04-01,Quetta,0.12000000000000001
2007-05-01,Quetta,0.132
2007-06-01,Quetta,0.1464
2007-07-01,Quetta,0.1563
2007-08-01,Quetta,0.1418
2007-09-01,Quetta,0.126
2007-10-01,Quetta,0.1095
2007-11-01,Quetta,0.1221
2007-12-01,Quetta,0.1033
2008-01-01,Quetta,0.1075
2008-02-01,Quetta,0.09390000000000001
2008-03-01,Quetta,0.0981
2008-04-01,Quetta,0.1194
2008-05-01,Quetta,0.10700000000000001
2008-06-01,Quetta,0.1285
2008-07-01,Quetta,0.1408
2008-08-01,Quetta,0.1217
2008-09-01,Quetta,0.1198
2008-10-01,Quetta,0.12250000000000001
2008-11-01,Quetta,0.1188
2008-12-01,Quetta,0.0983
2009-01-01,Quetta,0.1033
2009-02-01,Quetta,0.10550000000000001
2009-03-01,Quetta,0.1061
2009-04-01,Quetta,0.1247
2009-05-01,Quetta,0.1296
2009-06-01,Quetta,0.12480000000000001
2009-07-01,Quetta,0.14980000000000002
2009-08-01,Quetta,0.1301
2009-09-01,Quetta,0.12710000000000002
2009-10-01,Quetta,0.132
2009-11-01,Quetta,0.1208
2009-12-01,Quetta,0.1135
2010-01-01,Quetta,0.10400000000000001
2010-02-01,Quetta,0.10310000000000001
2010-03-01,Quetta,0.10790000000000001
2010-04-01,Quetta,0.1197
2010-05-01,Quetta,0.12940000000000002
2010-06-01,Quetta,0.14070000000000002
2010-07-01,Quetta,0.15560000000000002
2010-08-01,Quetta,0.1177
2010-09-01,Quetta,0.1232
2010-10-01,Quetta,0.1282
2010-11-01,Quetta,0.127
2010-12-01,Quetta,0.0944
2011-01-01,Quetta,0.09730000000000001
2011-02-01,Quetta,0.10200000000000001
2011-03-01,Quetta,0.1068
2011-04-01,Quetta,0.11610000000000001
2011-05-01,Quetta,0.1306
2011-06-01,Quetta,0.13770000000000002
2011-07-01,Quetta,0.1389
2011-08-01,Quetta,0.1306
2011-09-01,Quetta,0.1316
2011-10-01,Quetta,0.1496
2011-11-01,Quetta,0.1228
2011-12-01,Quetta,0.1087
2012-01-01,Quetta,0.0925
2012-02-01,Quetta,0.0994
2012-03-01,Quetta,0.093
2012-04-01,Quetta,0.1111
2012-05-01,Quetta,0.12440000000000001
2012-06-01,Quetta,0.132
2012-07-01,Quetta,0.1316
2012-08-01,Quetta,0.1297
2012-09-01,Quetta,0.1253
2012-10-01,Quetta,0.1305
2012-11-01,Quetta,0.1363
2012-12-01,Quetta,0.12250000000000001
2013-01-01,Quetta,0.0945
2013-02-01,Quetta,0.0956
2013-03-01,Quetta,0.10690000000000001
2013-04-01,Quetta,0.1322
2013-05-01,Quetta,0.1353
2013-06-01,Quetta,0.136
2013-07-01,Quetta,0.1269
2013-08-01,Quetta,0.12010000000000001
2013-09-01,Quetta,0.1409
2013-10-01,Quetta,0.1311
2013-11-01,Quetta,0.1114
2013-12-01,Quetta,0.1075
2014-01-01,Quetta,0.0949
2014-02-01,Quetta,0.0949
2014-03-01,Quetta,0.09680000000000001
2014-04-01,Quetta,0.1107
2014-05-01,Quetta,0.1169
2014-06-01,Quetta,0.1515
2014-07-01,Quetta,0.11120000000000001
2014-08-01,Quetta,0.1106
2014-09-01,Quetta,0.12840000000000001
2014-10-01,Quetta,0.1336
2014-11-01,Quetta,0.1236
2014-12-01,Quetta,0.09380000000000001
2015-01-01,Quetta,0.0911
2015-02-01,Quetta,0.0926
2015-03-01,Quetta,0.0917
2015-04-01,Quetta,0.1082
2015-05-01,Quetta,0.1217
2015-06-01,Quetta,0.1376
2015-07-01,Quetta,0.14200000000000002
2015-08-01,Quetta,0.1212
2015-09-01,Quetta,0.127
2015-10-01,Quetta,0.1097
2015-11-01,Quetta,0.1182
2015-12-01,Quetta,0.1047
2016-01-01,Quetta,0.1228
2016-02-01,Quetta,0.09480000000000001
2016-03-01,Quetta,0.1022
2016-04-01,Quetta,0.1227
2016-05-01,Quetta,0.12140000000000001
2016-06-01,Quetta,0.1236
2016-07-01,Quetta,0.1419
2016-08-01,Quetta,0.12010000000000001
2016-09-01,Quetta,0.1143
2016-10-01,Quetta,0.1389
2016-11-01,Quetta,0.09920000000000001
2016-12-01,Quetta,0.1124
2017-01-01,Quetta,0.155
2017-02-01,Quetta,0.1202
2017-03-01,Quetta,0.1158
2017-04-01,Quetta,0.1231
2017-05-01,Quetta,0.1484
2017-06-01,Quetta,0.125
2017-07-01,Quetta,0.13620000000000002
2017-08-01,Quetta,0.1222
2017-09-01,Quetta,0.1216
2017-10-01,Quetta,0.14550000000000002
2017-11-01,Quetta,0.1066
2017-12-01,Quetta,0.1063
2018-01-01,Quetta,0.10200000000000001
2018-02-01,Quetta,0.0916
2018-03-01,Quetta,0.1008
2018-04-01,Quetta,0.12140000000000001
2018-05-01,Quetta,0.1247
2018-06-01,Quetta,0.1182
2018-07-01,Quetta,0.1032
2018-08-01,Quetta,0.1048
2018-09-01,Quetta,0.11570000000000001
2018-10-01,Quetta,0.14300000000000002
2018-11-01,Quetta,0.1247
2018-12-01,Quetta,0.091
2019-01-01,Quetta,0.09820000000000001
2019-02-01,Quetta,0.0955
2019-03-01,Quetta,0.1066
2019-04-01,Quetta,0.12350000000000001
2019-05-01,Quetta,0.1422
2019-06-01,Quetta,0.12340000000000001
2019-07-01,Quetta,0.1227
2019-08-01,Quetta,0.1366
2019-09-01,Quetta,0.1233
2019-10-01,Quetta,0.12760000000000002
2019-11-01,Quetta,0.1164
2019-12-01,Quetta,0.1111
2020-01-01,Quetta,0.09720000000000001
2020-02-01,Quetta,0.1046
2020-03-01,Quetta,0.1236
2020-04-01,Quetta,0.1303
2020-05-01,Quetta,0.1295
2020-06-01,Quetta,0.1226
2020-07-01,Quetta,0.1124
2020-08-01,Quetta,0.1187
2020-09-01,Quetta,0.1096
2020-10-01,Quetta,0.1073
2020-11-01,Quetta,0.10400000000000001
2020-12-01,Quetta,0.0965
2021-01-01,Quetta,0.08650000000000001
2021-02-01,Quetta,0.0864
2021-03-01,Quetta,0.0949
2021-04-01,Quetta,0.10060000000000001
2021-05-01,Quetta,0.09580000000000001
2021-06-01,Quetta,0.1028
2021-07-01,Quetta,0.1024
2021-08-01,Quetta,0.09960000000000001
2021-09-01,Quetta,0.1022
2021-10-01,Quetta,0.0978
2021-11-01,Quetta,0.0898
2021-12-01,Quetta,0.0874
2022-01-01,Quetta,0.085
2022-02-01,Quetta,0.0806
2022-03-01,Quetta,0.095
2022-04-01,Quetta,0.1053
2022-05-01,Quetta,0.1037
2022-06-01,Quetta,0.0927
2022-07-01,Quetta,0.098
2022-08-01,Quetta,0.1022
2022-09-01,Quetta,0.0998
2022-10-01,Quetta,0.09580000000000001
2022-11-01,Quetta,0.0918
2022-12-01,Quetta,0.0907
2023-01-01,Quetta,0.09480000000000001
2023-02-01,Quetta,0.0869
2023-03-01,Quetta,0.0898
2023-04-01,Quetta,0.09530000000000001
2023-05-01,Quetta,0.09720000000000001
2023-06-01,Quetta,0.10060000000000001
2023-07-01,Quetta,0.1041
2023-08-01,Quetta,0.1111
2023-09-01,Quetta,0.1046
2023-10-01,Quetta,0.09580000000000001
2023-11-01,Quetta,0.0881
2023-12-01,Quetta,0.0956
2024-01-01,Quetta,0.08460000000000001
2024-02-01,Quetta,0.0859
2024-03-01,Quetta,0.0898
2024-04-01,Quetta,0.131
2024-05-01,Quetta,0.1236
2024-06-01,Quetta,0.1096
2024-07-01,Quetta,0.11230000000000001
2024-08-01,Quetta,0.1092
2024-09-01,Quetta,0.1121
2024-10-01,Quetta,0.1047
2024-11-01,Quetta,0.0954
2024-12-01,Quetta,0.0855
2025-01-01,Quetta,0.0811
2025-02-01,Quetta,0.0859
2025-03-01,Quetta,0.08990000000000001
2025-04-01,Quetta,0.099
2025-05-01,Quetta,0.0998
2025-06-01,Quetta,0.09820000000000001
2025-07-01,Quetta,0.10210000000000001
2025-08-01,Quetta,0.1037
2025-09-01,Quetta,0.1032
2025-10-01,Quetta,0.0961
2025-11-01,Quetta,0.0834
2025-12-01,Quetta,0.08700000000000001
